""b76d6306-28e1-4f69-9b4a-3844fb575646""|""1970-01-01 00:00:00.000000 +00:00""|""1970-01-01 00:00:00.000000 +00:00""|""3024-12-31 23:59:59.999999 +00:00""|""Scenic""|1|""|1|1
""4531f2ab-d66a-4e44-a60f-454880624789""|""1970-01-01 00:00:00.000000 +00:00""|""1970-01-01 00:00:00.000000 +00:00""|""3024-12-31 23:59:59.999999 +00:00""|""Scenic Plus""|2|""|1|1
""84b52a7f-fc87-4a22-853d-30e95c7e34a8""|""1970-01-01 00:00:00.000000 +00:00""|""1970-01-01 00:00:00.000000 +00:00""|""3024-12-31 23:59:59.999999 +00:00""|""Scenic Essential Pass""|1|""|1|1
""1dc9f5a1-a844-4446-8438-e5716049ee46""|""1970-01-01 00:00:00.000000 +00:00""|""1970-01-01 00:00:00.000000 +00:00""|""3024-12-31 23:59:59.999999 +00:00""|""Scenic Travel Pass""|2|""|1|1
""77ab6797-e40a-4568-96f5-b0d4fa239bad""|""1970-01-01 00:00:00.000000 +00:00""|""1970-01-01 00:00:00.000000 +00:00""|""3024-12-31 23:59:59.999999 +00:00""|""Scenic Freedom Pass""|3|""|1|1
""0699e46b-a3b3-4bf0-82e7-206b18438d41""|""1970-01-01 00:00:00.000000 +00:00""|""1970-01-01 00:00:00.000000 +00:00""|""3024-12-31 23:59:59.999999 +00:00""|""Scenic Explorer Pass""|4|""|1|1
""bc66fe5c-7785-4641-bfb1-635c9f785700""|""1970-01-01 00:00:00.000000 +00:00""|""1970-01-01 00:00:00.000000 +00:00""|""3024-12-31 23:59:59.999999 +00:00""|""15 Hours""|1|""|1|1
""a2785160-1dee-46a0-afe2-cd1ae419c374""|""1970-01-01 00:00:00.000000 +00:00""|""1970-01-01 00:00:00.000000 +00:00""|""3024-12-31 23:59:59.999999 +00:00""|""20 Hours""|2|""|1|1
""3341f1a8-5b2f-49e9-b134-da449da5bc3f""|""1970-01-01 00:00:00.000000 +00:00""|""1970-01-01 00:00:00.000000 +00:00""|""3024-12-31 23:59:59.999999 +00:00""|""25 Hours""|3|""|1|1
""bd3d0d8f-7b72-418e-9443-da5e12b87d56""|""1970-01-01 00:00:00.000000 +00:00""|""1970-01-01 00:00:00.000000 +00:00""|""3024-12-31 23:59:59.999999 +00:00""|""30 Hours""|4|""|1|1
""e49603b6-7dde-4ccc-b33c-7496b88b830e""|""1970-01-01 00:00:00.000000 +00:00""|""1970-01-01 00:00:00.000000 +00:00""|""3024-12-31 23:59:59.999999 +00:00""|""35 Hours""|5|""|1|1
""bba22453-5fc0-4a55-83e2-4bd8325ceb55""|""1970-01-01 00:00:00.000000 +00:00""|""1970-01-01 00:00:00.000000 +00:00""|""3024-12-31 23:59:59.999999 +00:00""|""40 Hours""|6|""|1|1
""77f28dd2-7671-4f1f-831e-7c54f5332551""|""1970-01-01 00:00:00.000000 +00:00""|""1970-01-01 00:00:00.000000 +00:00""|""3024-12-31 23:59:59.999999 +00:00""|""45 Hours""|7|""|1|1
""12b92ebc-9b31-4b3d-82a1-108b7a56b9be""|""1970-01-01 00:00:00.000000 +00:00""|""1970-01-01 00:00:00.000000 +00:00""|""3024-12-31 23:59:59.999999 +00:00""|""50 Hours""|8|""|1|1
""67b94204-77ce-4b49-a9ea-7a93f2a1c39b""|""1970-01-01 00:00:00.000000 +00:00""|""1970-01-01 00:00:00.000000 +00:00""|""3024-12-31 23:59:59.999999 +00:00""|""55 Hours""|9|""|1|1
""8a565101-707f-4875-9b05-16c7e8291109""|""1970-01-01 00:00:00.000000 +00:00""|""1970-01-01 00:00:00.000000 +00:00""|""3024-12-31 23:59:59.999999 +00:00""|""60 Hours""|10|""|1|1
""599bc0e9-bdb2-4456-bfd2-8429f6b4fb3f""|""1970-01-01 00:00:00.000000 +00:00""|""1970-01-01 00:00:00.000000 +00:00""|""3024-12-31 23:59:59.999999 +00:00""|""Top 3 Hours""|11|""|1|1
""6318a93e-1eac-4b5e-8ce0-2c6a3a811112""|""1970-01-01 00:00:00.000000 +00:00""|""1970-01-01 00:00:00.000000 +00:00""|""3024-12-31 23:59:59.999999 +00:00""|""Top 10 Hours""|12|""|1|1
