""faa0dfbd-7cd1-4e2b-add5-05a4974668f7""|""1970-01-01 00:00:00.000000 +00:00""|""1970-01-01 00:00:00.000000 +00:00""|""3024-12-31 23:59:59.999999 +00:00""|""Auckland""|""AKL""|1|1
""f84a6ded-16eb-4008-88f4-4984fd6dcd32""|""1970-01-01 00:00:00.000000 +00:00""|""1970-01-01 00:00:00.000000 +00:00""|""3024-12-31 23:59:59.999999 +00:00""|""Hamilton""|""HLZ""|3|1
""abc77404-dfe4-4b16-b7a2-ca192ad3670e""|""1970-01-01 00:00:00.000000 +00:00""|""1970-01-01 00:00:00.000000 +00:00""|""3024-12-31 23:59:59.999999 +00:00""|""Blenheim""|""BHE""|10|1
""19739b4b-5ed2-4539-a4e3-c766f45b0931""|""1970-01-01 00:00:00.000000 +00:00""|""1970-01-01 00:00:00.000000 +00:00""|""3024-12-31 23:59:59.999999 +00:00""|""Christchurch""|""CHC""|10|1
""fed8417b-f0a8-4072-8703-17bdfb6c0395""|""1970-01-01 00:00:00.000000 +00:00""|""1970-01-01 00:00:00.000000 +00:00""|""3024-12-31 23:59:59.999999 +00:00""|""Dunedin""|""DUD""|10|1
""8ced674c-5396-4fad-9c83-9c7965757899""|""1970-01-01 00:00:00.000000 +00:00""|""1970-01-01 00:00:00.000000 +00:00""|""3024-12-31 23:59:59.999999 +00:00""|""Featherston""|""FNR""|10|1
""0413f831-f8d5-460b-b939-df6035c129e9""|""1970-01-01 00:00:00.000000 +00:00""|""1970-01-01 00:00:00.000000 +00:00""|""3024-12-31 23:59:59.999999 +00:00""|""Fox Glacier""|""FGL""|10|1
""e3186dc2-e7c9-4b3e-beef-61da4a8fde46""|""1970-01-01 00:00:00.000000 +00:00""|""1970-01-01 00:00:00.000000 +00:00""|""3024-12-31 23:59:59.999999 +00:00""|""Franz Josef""|""WHO""|10|1
""dc49f7e9-f40b-4ce4-8be1-8efe68178651""|""1970-01-01 00:00:00.000000 +00:00""|""1970-01-01 00:00:00.000000 +00:00""|""3024-12-31 23:59:59.999999 +00:00""|""Greymouth""|""GRM""|10|1
""dca4819c-5a94-4bb9-b55b-8154aca92463""|""1970-01-01 00:00:00.000000 +00:00""|""1970-01-01 00:00:00.000000 +00:00""|""3024-12-31 23:59:59.999999 +00:00""|""Invercargill""|""IVC""|10|1
""31c03474-5b2b-492b-95ff-a2be455660bf""|""1970-01-01 00:00:00.000000 +00:00""|""1970-01-01 00:00:00.000000 +00:00""|""3024-12-31 23:59:59.999999 +00:00""|""Kaikoura""|""KKR""|10|1
""adbb173e-d2ac-472e-9a62-1759b0c454f8""|""1970-01-01 00:00:00.000000 +00:00""|""1970-01-01 00:00:00.000000 +00:00""|""3024-12-31 23:59:59.999999 +00:00""|""Masterton""|""MRO""|10|1
""c849e076-bc75-4f39-b465-9474bc77c076""|""1970-01-01 00:00:00.000000 +00:00""|""1970-01-01 00:00:00.000000 +00:00""|""3024-12-31 23:59:59.999999 +00:00""|""Milford Sound""|""MFN""|10|1
""dafcbc13-9b6b-43db-89ff-ed715fa6bfdb""|""1970-01-01 00:00:00.000000 +00:00""|""1970-01-01 00:00:00.000000 +00:00""|""3024-12-31 23:59:59.999999 +00:00""|""Mt Cook""|""MON""|10|1
""be2f48a3-a66f-403a-a5b2-c4915db07895""|""1970-01-01 00:00:00.000000 +00:00""|""1970-01-01 00:00:00.000000 +00:00""|""3024-12-31 23:59:59.999999 +00:00""|""National Park""|""NAT""|6|1
""c5a4a96d-889c-4eda-8630-5d56f0d02af2""|""1970-01-01 00:00:00.000000 +00:00""|""1970-01-01 00:00:00.000000 +00:00""|""3024-12-31 23:59:59.999999 +00:00""|""Nelson""|""NSN""|10|1
""c7c0db23-055c-41c3-8736-dc61bd0d9084""|""1970-01-01 00:00:00.000000 +00:00""|""1970-01-01 00:00:00.000000 +00:00""|""3024-12-31 23:59:59.999999 +00:00""|""Ohakune""|""OKN""|7|1
""a7ba9954-a745-46f6-a6fc-efb22b407dff""|""1970-01-01 00:00:00.000000 +00:00""|""1970-01-01 00:00:00.000000 +00:00""|""3024-12-31 23:59:59.999999 +00:00""|""Otorohanga (Waitomo)""|""OHA""|4|1
""8ffdfdce-adf9-462e-93f1-355b4a5bb6cb""|""1970-01-01 00:00:00.000000 +00:00""|""1970-01-01 00:00:00.000000 +00:00""|""3024-12-31 23:59:59.999999 +00:00""|""Paihia (Bay of Islands)  ""|""PIH""|10|1
""1c7a1ba3-80da-43a2-ada4-5e8d5a5dc126""|""1970-01-01 00:00:00.000000 +00:00""|""1970-01-01 00:00:00.000000 +00:00""|""3024-12-31 23:59:59.999999 +00:00""|""Palmerston North""|""PMR""|8|1
""3e9a2d0f-1e93-4603-b202-5d5c0d9b5a1d""|""1970-01-01 00:00:00.000000 +00:00""|""1970-01-01 00:00:00.000000 +00:00""|""3024-12-31 23:59:59.999999 +00:00""|""Paraparaumu""|""PPQ""|10|1
""2ef295dd-9989-4276-8bd9-29a7bd1ef7a8""|""1970-01-01 00:00:00.000000 +00:00""|""1970-01-01 00:00:00.000000 +00:00""|""3024-12-31 23:59:59.999999 +00:00""|""Picton""|""PCN""|10|1
""b45557c8-10a5-4c77-bb36-be3bdc0b188f""|""1970-01-01 00:00:00.000000 +00:00""|""1970-01-01 00:00:00.000000 +00:00""|""3024-12-31 23:59:59.999999 +00:00""|""Queenstown""|""ZQN""|10|1
""57948d75-cc33-4062-8377-c1fd816bf4f8""|""1970-01-01 00:00:00.000000 +00:00""|""1970-01-01 00:00:00.000000 +00:00""|""3024-12-31 23:59:59.999999 +00:00""|""Rotorua""|""ROT""|10|1
""2aa8fe2c-4c2a-4b22-95f0-704ed0c05328""|""1970-01-01 00:00:00.000000 +00:00""|""1970-01-01 00:00:00.000000 +00:00""|""3024-12-31 23:59:59.999999 +00:00""|""Taupo""|""TUO""|10|1
""66c21273-65c8-4aad-bb93-e0cd729bb123""|""1970-01-01 00:00:00.000000 +00:00""|""1970-01-01 00:00:00.000000 +00:00""|""3024-12-31 23:59:59.999999 +00:00""|""Te Anau""|""TEU""|10|1
""8c54088a-cf3c-4485-81bf-462d961c56de""|""1970-01-01 00:00:00.000000 +00:00""|""1970-01-01 00:00:00.000000 +00:00""|""3024-12-31 23:59:59.999999 +00:00""|""Tekapo""|""TPO""|10|1
""0616165b-aaa5-4c65-9ea2-f6d3f0ba5205""|""1970-01-01 00:00:00.000000 +00:00""|""1970-01-01 00:00:00.000000 +00:00""|""3024-12-31 23:59:59.999999 +00:00""|""Waitomo Glowworm Caves""|""WCX""|10|1
""8cae2362-ceb1-4c07-a27b-e250243bb706""|""1970-01-01 00:00:00.000000 +00:00""|""1970-01-01 00:00:00.000000 +00:00""|""3024-12-31 23:59:59.999999 +00:00""|""Wanaka""|""WKA""|10|1
""151c0f48-3acc-4f76-9204-345093faec92""|""1970-01-01 00:00:00.000000 +00:00""|""1970-01-01 00:00:00.000000 +00:00""|""3024-12-31 23:59:59.999999 +00:00""|""Wellington""|""WLG""|9|1
""7ad8e9c5-aac1-426b-898f-653cc439a1b0""|""1970-01-01 00:00:00.000000 +00:00""|""1970-01-01 00:00:00.000000 +00:00""|""3024-12-31 23:59:59.999999 +00:00""|""Napier""|""NPE""|10|1
""a6086fa5-07cd-4f38-b195-fb6574bbc1e0""|""1970-01-01 00:00:00.000000 +00:00""|""1970-01-01 00:00:00.000000 +00:00""|""3024-12-31 23:59:59.999999 +00:00""|""Tauranga""|""TRG""|10|1
""6b435964-a860-480b-aa86-a0483e3eb8ff""|""1970-01-01 00:00:00.000000 +00:00""|""1970-01-01 00:00:00.000000 +00:00""|""3024-12-31 23:59:59.999999 +00:00""|""Stewart Island""|""STI""|10|1
""cc105478-cf30-450a-87d3-03c339042d9d""|""1970-01-01 00:00:00.000000 +00:00""|""1970-01-01 00:00:00.000000 +00:00""|""3024-12-31 23:59:59.999999 +00:00""|""Rolleston""|""ROL""|10|1
""5fa9bc69-d1e7-47e3-8134-c7adb902bf19""|""1970-01-01 00:00:00.000000 +00:00""|""1970-01-01 00:00:00.000000 +00:00""|""3024-12-31 23:59:59.999999 +00:00""|""Arthurs Pass""|""ART""|10|1
""6c0bfbb4-5888-4013-a4e0-725f64cc17e0""|""1970-01-01 00:00:00.000000 +00:00""|""1970-01-01 00:00:00.000000 +00:00""|""3024-12-31 23:59:59.999999 +00:00""|""Hanmer Springs""|""HPS""|10|1
""dedfa871-268a-47b8-ad78-bd3d4545b67f""|""1970-01-01 00:00:00.000000 +00:00""|""1970-01-01 00:00:00.000000 +00:00""|""3024-12-31 23:59:59.999999 +00:00""|""Rangiora""|""RGR""|10|1
""247886e2-388b-4574-8ad7-145b6287d4ea""|""1970-01-01 00:00:00.000000 +00:00""|""1970-01-01 00:00:00.000000 +00:00""|""3024-12-31 23:59:59.999999 +00:00""|""Motueka""|""MZP""|10|1
""e8000c2b-1a79-47db-95d5-e12549fc5eb1""|""1970-01-01 00:00:00.000000 +00:00""|""1970-01-01 00:00:00.000000 +00:00""|""3024-12-31 23:59:59.999999 +00:00""|""Marahau""|""MRH""|10|1
""7d88359f-db36-412a-b5df-ccd4612ebb60""|""1970-01-01 00:00:00.000000 +00:00""|""1970-01-01 00:00:00.000000 +00:00""|""3024-12-31 23:59:59.999999 +00:00""|""Hokitika""|""HKT""|10|1
""ab75f417-e902-4ce5-9283-a60cbaa79be9""|""1970-01-01 00:00:00.000000 +00:00""|""1970-01-01 00:00:00.000000 +00:00""|""3024-12-31 23:59:59.999999 +00:00""|""Kerikeri""|""KER""|10|1
""19033283-fea6-4ddd-b049-ea321af1670b""|""1970-01-01 00:00:00.000000 +00:00""|""1970-01-01 00:00:00.000000 +00:00""|""3024-12-31 23:59:59.999999 +00:00""|""Matamata""|""MAT""|10|1
""df4a00e8-bc74-4e43-9b97-977d542d2c9e""|""1970-01-01 00:00:00.000000 +00:00""|""1970-01-01 00:00:00.000000 +00:00""|""3024-12-31 23:59:59.999999 +00:00""|""Bluff""|""Bluff""|10|1
""9dcdbed1-a1bc-4054-9915-1d32774e40c7""|""1970-01-01 00:00:00.000000 +00:00""|""1970-01-01 00:00:00.000000 +00:00""|""3024-12-31 23:59:59.999999 +00:00""|""Auckland Domestic Airport""|""ADA""|10|1
""883c208a-dc89-4a60-8542-28cc81309420""|""1970-01-01 00:00:00.000000 +00:00""|""1970-01-01 00:00:00.000000 +00:00""|""3024-12-31 23:59:59.999999 +00:00""|""Christchurch Airport""|""CHZ""|10|1
""4224be41-0eed-4f64-bdec-f0c837d48867""|""1970-01-01 00:00:00.000000 +00:00""|""1970-01-01 00:00:00.000000 +00:00""|""3024-12-31 23:59:59.999999 +00:00""|""Dunedin Airport""|""DNA""|10|1
""4882ce13-98a0-4cee-894e-02dca40016a4""|""1970-01-01 00:00:00.000000 +00:00""|""1970-01-01 00:00:00.000000 +00:00""|""3024-12-31 23:59:59.999999 +00:00""|""New Plymouth""|""NPL""|10|1
""9df808ed-4972-453b-9864-f8ef3a34b342""|""1970-01-01 00:00:00.000000 +00:00""|""1970-01-01 00:00:00.000000 +00:00""|""3024-12-31 23:59:59.999999 +00:00""|""Papakura""|""PAK""|2|1
""2e99859d-a75a-400a-b222-5a1297fa5511""|""1970-01-01 00:00:00.000000 +00:00""|""1970-01-01 00:00:00.000000 +00:00""|""3024-12-31 23:59:59.999999 +00:00""|""Russell (Bay of Islands)""|""RUS""|10|1
""e1c245fb-b56a-461c-b244-5a7cd24753fb""|""1970-01-01 00:00:00.000000 +00:00""|""1970-01-01 00:00:00.000000 +00:00""|""3024-12-31 23:59:59.999999 +00:00""|""Gisborne""|""GIS""|10|1
""a8355b3f-6ca6-4cef-bc5c-a1484bf3e405""|""1970-01-01 00:00:00.000000 +00:00""|""1970-01-01 00:00:00.000000 +00:00""|""3024-12-31 23:59:59.999999 +00:00""|""Coromandel""|""CML""|10|1
""9815ae16-54d8-4dde-b518-dbdd46f33d5b""|""1970-01-01 00:00:00.000000 +00:00""|""1970-01-01 00:00:00.000000 +00:00""|""3024-12-31 23:59:59.999999 +00:00""|""Coromandel Kapanga Road""|""CMP""|10|1
""816a77b4-756c-4ab5-88e8-89cab63630a4""|""1970-01-01 00:00:00.000000 +00:00""|""1970-01-01 00:00:00.000000 +00:00""|""3024-12-31 23:59:59.999999 +00:00""|""Paeroa""|""POA""|10|1
""8a156941-7681-4e15-9b8c-3bb13500d271""|""1970-01-01 00:00:00.000000 +00:00""|""1970-01-01 00:00:00.000000 +00:00""|""3024-12-31 23:59:59.999999 +00:00""|""Morrinsville""|""MOV""|10|1
""3abc8da8-33b6-4b98-bb2c-1ffa13fecfa9""|""1970-01-01 00:00:00.000000 +00:00""|""1970-01-01 00:00:00.000000 +00:00""|""3024-12-31 23:59:59.999999 +00:00""|""Thames""|""TMZ""|10|1
""033672f4-1ffa-445e-b764-75869ce49895""|""1970-01-01 00:00:00.000000 +00:00""|""1970-01-01 00:00:00.000000 +00:00""|""3024-12-31 23:59:59.999999 +00:00""|""Whitianga""|""WHT""|10|1
""2f385f1b-c562-4def-a4d8-64ba067f5fb0""|""1970-01-01 00:00:00.000000 +00:00""|""1970-01-01 00:00:00.000000 +00:00""|""3024-12-31 23:59:59.999999 +00:00""|""Sunkist Backpackers Lodge (Thames)""|""TMS""|10|1
""398da373-87a2-4b16-880f-25340b98f765""|""1970-01-01 00:00:00.000000 +00:00""|""1970-01-01 00:00:00.000000 +00:00""|""3024-12-31 23:59:59.999999 +00:00""|""On the Beach Backpackers aka WHT YHA (Whitianga)""|""WOB""|10|1
""c15d0fb5-d3a0-4f6c-9dfb-819815f828cb""|""1970-01-01 00:00:00.000000 +00:00""|""1970-01-01 00:00:00.000000 +00:00""|""3024-12-31 23:59:59.999999 +00:00""|""Bayfair (Tauranga)""|""MMB""|10|1
""c8cf9dcb-cc26-4146-96c3-7a299f62f694""|""1970-01-01 00:00:00.000000 +00:00""|""1970-01-01 00:00:00.000000 +00:00""|""3024-12-31 23:59:59.999999 +00:00""|""Auckland International Airport""|""AIR""|10|1
""25808db6-d550-42db-beba-7e3ea412c251""|""1970-01-01 00:00:00.000000 +00:00""|""1970-01-01 00:00:00.000000 +00:00""|""3024-12-31 23:59:59.999999 +00:00""|""New Plymouth Boys High""|""NBH""|10|1
""efd75731-cfca-480c-87c2-75833c03475a""|""1970-01-01 00:00:00.000000 +00:00""|""1970-01-01 00:00:00.000000 +00:00""|""3024-12-31 23:59:59.999999 +00:00""|""Manukau City (Auckland)""|""MNK""|10|1
""53597af0-db1b-44a0-a8c6-64b91377305c""|""1970-01-01 00:00:00.000000 +00:00""|""1970-01-01 00:00:00.000000 +00:00""|""3024-12-31 23:59:59.999999 +00:00""|""Hastings""|""HST""|10|1
""95879e67-6687-403b-ae05-99a70a339798""|""1970-01-01 00:00:00.000000 +00:00""|""1970-01-01 00:00:00.000000 +00:00""|""3024-12-31 23:59:59.999999 +00:00""|""Clive""|""CLV""|10|1
""40fa7b27-8225-41a3-9187-5d426bf5e845""|""1970-01-01 00:00:00.000000 +00:00""|""1970-01-01 00:00:00.000000 +00:00""|""3024-12-31 23:59:59.999999 +00:00""|""Rotorua Airport""|""ROA""|10|1
""1d7ffb65-b9c4-4171-979d-f8fc507e8b9c""|""1970-01-01 00:00:00.000000 +00:00""|""1970-01-01 00:00:00.000000 +00:00""|""3024-12-31 23:59:59.999999 +00:00""|""Whanganui / Wanganui""|""WAG""|10|1
""36c1afe9-a18d-4bfa-bfa6-ac46c7a3b72d""|""1970-01-01 00:00:00.000000 +00:00""|""1970-01-01 00:00:00.000000 +00:00""|""3024-12-31 23:59:59.999999 +00:00""|""Wellington Airport""|""WLA""|10|1
""cd7be625-0345-4eb5-aa31-008a63b47e37""|""1970-01-01 00:00:00.000000 +00:00""|""1970-01-01 00:00:00.000000 +00:00""|""3024-12-31 23:59:59.999999 +00:00""|""New Plymouth Boys High (First Pick Up)""|""NBX""|10|1
""2d3c49cd-3d9f-44de-a014-eac7dcb0b4dc""|""1970-01-01 00:00:00.000000 +00:00""|""1970-01-01 00:00:00.000000 +00:00""|""3024-12-31 23:59:59.999999 +00:00""|""Agrodome (Rotorua)""|""AGR""|10|1
""7fe259cd-4efe-4dab-8430-52aafbe9d9b4""|""1970-01-01 00:00:00.000000 +00:00""|""1970-01-01 00:00:00.000000 +00:00""|""3024-12-31 23:59:59.999999 +00:00""|""Kawakawa""|""KAK""|10|1
""630b6796-78ec-4ac5-8863-b3f10ca03e64""|""1970-01-01 00:00:00.000000 +00:00""|""1970-01-01 00:00:00.000000 +00:00""|""3024-12-31 23:59:59.999999 +00:00""|""Kaikohe""|""KOH""|10|1
""8dbf8a10-3365-4530-a761-86a8df77811d""|""1970-01-01 00:00:00.000000 +00:00""|""1970-01-01 00:00:00.000000 +00:00""|""3024-12-31 23:59:59.999999 +00:00""|""Kaitaia""|""KAT""|10|1
""b1015d51-92f9-4b53-81e4-300daa8a2d24""|""1970-01-01 00:00:00.000000 +00:00""|""1970-01-01 00:00:00.000000 +00:00""|""3024-12-31 23:59:59.999999 +00:00""|""Hobbiton Movie Set""|""HOB""|10|1
""7c7a08f8-73be-45e8-b4ec-9a130625d0f0""|""1970-01-01 00:00:00.000000 +00:00""|""1970-01-01 00:00:00.000000 +00:00""|""3024-12-31 23:59:59.999999 +00:00""|""Gore""|""GOR""|10|1
""d23b66ce-b855-45cc-9619-e1b785399cf6""|""1970-01-01 00:00:00.000000 +00:00""|""1970-01-01 00:00:00.000000 +00:00""|""3024-12-31 23:59:59.999999 +00:00""|""Dunedin Otago University ""|""DUU""|10|1
""68fe34a3-9355-4555-b238-8fdd3a58e485""|""1970-01-01 00:00:00.000000 +00:00""|""1970-01-01 00:00:00.000000 +00:00""|""3024-12-31 23:59:59.999999 +00:00""|""Hornby (Christchurch)""|""HBY""|10|1
""83d5234b-7a28-4431-83ce-01f63e5506fa""|""1970-01-01 00:00:00.000000 +00:00""|""1970-01-01 00:00:00.000000 +00:00""|""3024-12-31 23:59:59.999999 +00:00""|""Akaroa""|""AKA""|10|1
""0b88d178-8a80-46a3-8884-afea8070fdeb""|""1970-01-01 00:00:00.000000 +00:00""|""1970-01-01 00:00:00.000000 +00:00""|""3024-12-31 23:59:59.999999 +00:00""|""Akaroa Wharf""|""AKW""|10|1
""9aa3449b-4f72-414e-b80d-b6c024487cc8""|""1970-01-01 00:00:00.000000 +00:00""|""1970-01-01 00:00:00.000000 +00:00""|""3024-12-31 23:59:59.999999 +00:00""|""Nelson Girls College  STUDENTS ONLY""|""NGC""|10|1
""39b946f1-db8c-4462-84bd-f4a39baecc56""|""1970-01-01 00:00:00.000000 +00:00""|""1970-01-01 00:00:00.000000 +00:00""|""3024-12-31 23:59:59.999999 +00:00""|""Nelson College STUDENTS ONLY""|""NBC""|10|1
""46a2df57-409e-410e-8e34-5d70dc9d49e1""|""1970-01-01 00:00:00.000000 +00:00""|""1970-01-01 00:00:00.000000 +00:00""|""3024-12-31 23:59:59.999999 +00:00""|""Invercargill Airport""|""IVA""|10|1
""6363089a-29b9-494e-9d21-d8a8214a2585""|""1970-01-01 00:00:00.000000 +00:00""|""1970-01-01 00:00:00.000000 +00:00""|""3024-12-31 23:59:59.999999 +00:00""|""Tarras""|""TRS""|10|1
""25dc2840-1c9d-40cb-8455-654c11387cd6""|""1970-01-01 00:00:00.000000 +00:00""|""1970-01-01 00:00:00.000000 +00:00""|""3024-12-31 23:59:59.999999 +00:00""|""Millbrook Resort Hotel (Arrowtown)""|""MBH""|10|1
""6d02d9a1-8508-4e5b-992c-40f05214c86c""|""1970-01-01 00:00:00.000000 +00:00""|""1970-01-01 00:00:00.000000 +00:00""|""3024-12-31 23:59:59.999999 +00:00""|""Otago""|""OTG""|10|1
""53bf977a-f5bb-4a11-8762-7ebd4a43a9bc""|""1970-01-01 00:00:00.000000 +00:00""|""1970-01-01 00:00:00.000000 +00:00""|""3024-12-31 23:59:59.999999 +00:00""|""Bay of Islands""|""BOI""|10|1
""c2cd441f-1bd7-4988-a369-5dea249d51b7""|""1970-01-01 00:00:00.000000 +00:00""|""1970-01-01 00:00:00.000000 +00:00""|""3024-12-31 23:59:59.999999 +00:00""|""Northland""|""NTH""|10|1
""c06e3744-5bbc-4a49-9230-ce0d96f0247f""|""1970-01-01 00:00:00.000000 +00:00""|""1970-01-01 00:00:00.000000 +00:00""|""3024-12-31 23:59:59.999999 +00:00""|""Rhythm & Vines Festival Entrance (Gisborne)""|""RAV""|10|1
""85fd46ee-1f4b-491c-a190-e66afee73bdb""|""1970-01-01 00:00:00.000000 +00:00""|""1970-01-01 00:00:00.000000 +00:00""|""3024-12-31 23:59:59.999999 +00:00""|""Huntly""|""HLY""|10|1
""b982065d-5356-4b70-bf6b-2d8888daa671""|""1970-01-01 00:00:00.000000 +00:00""|""1970-01-01 00:00:00.000000 +00:00""|""3024-12-31 23:59:59.999999 +00:00""|""Cambridge""|""CBC""|10|1
""e32903b9-ab50-488d-8180-109c3f70dd06""|""1970-01-01 00:00:00.000000 +00:00""|""1970-01-01 00:00:00.000000 +00:00""|""3024-12-31 23:59:59.999999 +00:00""|""Tirau""|""TIR""|10|1
""c8c567fc-b307-488f-a164-daf287a9d090""|""1970-01-01 00:00:00.000000 +00:00""|""1970-01-01 00:00:00.000000 +00:00""|""3024-12-31 23:59:59.999999 +00:00""|""Putaruru""|""PUT""|10|1
""50e7cafb-1446-4a01-8025-eabf3ef29b2a""|""1970-01-01 00:00:00.000000 +00:00""|""1970-01-01 00:00:00.000000 +00:00""|""3024-12-31 23:59:59.999999 +00:00""|""Tokoroa""|""TOK""|10|1
""ff490ef1-80e7-42f6-b504-df628eba089a""|""1970-01-01 00:00:00.000000 +00:00""|""1970-01-01 00:00:00.000000 +00:00""|""3024-12-31 23:59:59.999999 +00:00""|""Turangi""|""TGI""|10|1
""e2ed49af-87e8-4dc1-a801-8aa5f75a75fd""|""1970-01-01 00:00:00.000000 +00:00""|""1970-01-01 00:00:00.000000 +00:00""|""3024-12-31 23:59:59.999999 +00:00""|""Waiouru""|""WIR""|10|1
""ec1165d8-1942-4dca-a68e-9e75999a20a6""|""1970-01-01 00:00:00.000000 +00:00""|""1970-01-01 00:00:00.000000 +00:00""|""3024-12-31 23:59:59.999999 +00:00""|""Bulls""|""BLS""|10|1
""7f29efbd-5862-47c5-b7af-d6ff21f65dec""|""1970-01-01 00:00:00.000000 +00:00""|""1970-01-01 00:00:00.000000 +00:00""|""3024-12-31 23:59:59.999999 +00:00""|""Levin""|""LVN""|10|1
""9ef54e32-277a-4f8c-aa12-696a83131702""|""1970-01-01 00:00:00.000000 +00:00""|""1970-01-01 00:00:00.000000 +00:00""|""3024-12-31 23:59:59.999999 +00:00""|""Porirua""|""PRO""|10|1
""e570ee3e-df27-4797-bb44-df9a6977df33""|""1970-01-01 00:00:00.000000 +00:00""|""1970-01-01 00:00:00.000000 +00:00""|""3024-12-31 23:59:59.999999 +00:00""|""Otaki""|""OTK""|10|1
""ac9c6c49-33db-4435-b169-6b01ca95b9ff""|""1970-01-01 00:00:00.000000 +00:00""|""1970-01-01 00:00:00.000000 +00:00""|""3024-12-31 23:59:59.999999 +00:00""|""Whakatane""|""WHK""|10|1
""b1a7a1ca-de32-4e8a-a848-7e3cbeeeb1d5""|""1970-01-01 00:00:00.000000 +00:00""|""1970-01-01 00:00:00.000000 +00:00""|""3024-12-31 23:59:59.999999 +00:00""|""Opotiki""|""OPO""|10|1
""8b6d380d-4d8d-43f9-adb3-e188677985f0""|""1970-01-01 00:00:00.000000 +00:00""|""1970-01-01 00:00:00.000000 +00:00""|""3024-12-31 23:59:59.999999 +00:00""|""Te Awamutu""|""TAW""|10|1
""c2893d33-91ad-4c09-9202-22fd7feb236f""|""1970-01-01 00:00:00.000000 +00:00""|""1970-01-01 00:00:00.000000 +00:00""|""3024-12-31 23:59:59.999999 +00:00""|""Te Kuiti""|""TKT""|10|1
""4c6270ce-4b44-48e6-bb56-574a04535226""|""1970-01-01 00:00:00.000000 +00:00""|""1970-01-01 00:00:00.000000 +00:00""|""3024-12-31 23:59:59.999999 +00:00""|""Flat Hills Tea Rooms""|""FLT""|10|1
""04698a15-7cea-4665-b085-9a062bc8833c""|""1970-01-01 00:00:00.000000 +00:00""|""1970-01-01 00:00:00.000000 +00:00""|""3024-12-31 23:59:59.999999 +00:00""|""Taihape""|""TPE""|10|1
""af06b658-4fb3-4fd7-976b-c9c88f4dd57a""|""1970-01-01 00:00:00.000000 +00:00""|""1970-01-01 00:00:00.000000 +00:00""|""3024-12-31 23:59:59.999999 +00:00""|""Ashburton""|""ASG""|10|1
""d0925bb2-d174-4dc6-ba9f-dc774e81d3ca""|""1970-01-01 00:00:00.000000 +00:00""|""1970-01-01 00:00:00.000000 +00:00""|""3024-12-31 23:59:59.999999 +00:00""|""Temuka""|""TMK""|10|1
""2aaa25a4-126c-42c9-9ebe-7cf407d68522""|""1970-01-01 00:00:00.000000 +00:00""|""1970-01-01 00:00:00.000000 +00:00""|""3024-12-31 23:59:59.999999 +00:00""|""Oamaru""|""OAM""|10|1
""1dea0f0b-4ce3-4553-8061-340356382a29""|""1970-01-01 00:00:00.000000 +00:00""|""1970-01-01 00:00:00.000000 +00:00""|""3024-12-31 23:59:59.999999 +00:00""|""Balclutha""|""BAL""|10|1
""4efb8277-aa20-422b-8ec3-bf527d348ef4""|""1970-01-01 00:00:00.000000 +00:00""|""1970-01-01 00:00:00.000000 +00:00""|""3024-12-31 23:59:59.999999 +00:00""|""Peggydale""|""PEG""|10|1
""d4300833-854e-4144-a943-377923df131e""|""1970-01-01 00:00:00.000000 +00:00""|""1970-01-01 00:00:00.000000 +00:00""|""3024-12-31 23:59:59.999999 +00:00""|""Amberly""|""AMB""|10|1
""9c3ef957-87f8-4048-9378-199adf5829ee""|""1970-01-01 00:00:00.000000 +00:00""|""1970-01-01 00:00:00.000000 +00:00""|""3024-12-31 23:59:59.999999 +00:00""|""Palmerston""|""PAL""|10|1
""3e8df77a-d968-4bcb-ac6a-7b51021ba804""|""1970-01-01 00:00:00.000000 +00:00""|""1970-01-01 00:00:00.000000 +00:00""|""3024-12-31 23:59:59.999999 +00:00""|""Waimate""|""WMT""|10|1
""e3e54107-7988-4a1f-a019-982a065bea7a""|""1970-01-01 00:00:00.000000 +00:00""|""1970-01-01 00:00:00.000000 +00:00""|""3024-12-31 23:59:59.999999 +00:00""|""Church Corner""|""CCR""|10|1
""7a4831dd-be6d-4b12-b1b2-5a8972aaef0a""|""1970-01-01 00:00:00.000000 +00:00""|""1970-01-01 00:00:00.000000 +00:00""|""3024-12-31 23:59:59.999999 +00:00""|""Pukerangi""|""PUK""|10|1
""da676072-3de4-4ef9-8c39-1149595d378c""|""1970-01-01 00:00:00.000000 +00:00""|""1970-01-01 00:00:00.000000 +00:00""|""3024-12-31 23:59:59.999999 +00:00""|""Timaru""|""TIU""|10|1
""5480c658-c466-4e38-aeaf-07bb3d364ea2""|""1970-01-01 00:00:00.000000 +00:00""|""1970-01-01 00:00:00.000000 +00:00""|""3024-12-31 23:59:59.999999 +00:00""|""Waimate Turn Off""|""WET""|10|1
""2afc8e42-e6eb-4633-bc58-7b9729793137""|""1970-01-01 00:00:00.000000 +00:00""|""1970-01-01 00:00:00.000000 +00:00""|""3024-12-31 23:59:59.999999 +00:00""|""Rakaia""|""RKA""|10|1
""ebdfe417-0fe6-4605-8985-40ffe5f15938""|""1970-01-01 00:00:00.000000 +00:00""|""1970-01-01 00:00:00.000000 +00:00""|""3024-12-31 23:59:59.999999 +00:00""|""Edendale""|""EDN""|10|1
""eeda9f75-95e7-4aac-9a9b-c084347930ca""|""1970-01-01 00:00:00.000000 +00:00""|""1970-01-01 00:00:00.000000 +00:00""|""3024-12-31 23:59:59.999999 +00:00""|""Harihari""|""HAR""|10|1
""615e8755-5fac-4e7e-91d2-056d5e0a34d4""|""1970-01-01 00:00:00.000000 +00:00""|""1970-01-01 00:00:00.000000 +00:00""|""3024-12-31 23:59:59.999999 +00:00""|""Ross""|""ROS""|10|1
""0cc7a3c0-589f-4bec-88c1-50dcb8edcbe4""|""1970-01-01 00:00:00.000000 +00:00""|""1970-01-01 00:00:00.000000 +00:00""|""3024-12-31 23:59:59.999999 +00:00""|""Frankton (Queenstown)""|""FKT""|10|1
""85b80a19-31e1-4eed-aa99-43bf9bca50aa""|""1970-01-01 00:00:00.000000 +00:00""|""1970-01-01 00:00:00.000000 +00:00""|""3024-12-31 23:59:59.999999 +00:00""|""Punakaiki""|""PNK""|10|1
""e179fe26-44df-4dc6-a258-c6c241b46ef8""|""1970-01-01 00:00:00.000000 +00:00""|""1970-01-01 00:00:00.000000 +00:00""|""3024-12-31 23:59:59.999999 +00:00""|""Westport""|""WSI""|10|1
""0d031e92-166f-4ea9-87b7-06fe2c398dbf""|""1970-01-01 00:00:00.000000 +00:00""|""1970-01-01 00:00:00.000000 +00:00""|""3024-12-31 23:59:59.999999 +00:00""|""Murchison""|""MCH""|10|1
""936248a3-fb9e-476d-af8b-75453a6f3b73""|""1970-01-01 00:00:00.000000 +00:00""|""1970-01-01 00:00:00.000000 +00:00""|""3024-12-31 23:59:59.999999 +00:00""|""Middlemarch""|""MID""|10|1
""e5d8f0d9-734d-45e7-9219-cdad4e7ee681""|""1970-01-01 00:00:00.000000 +00:00""|""1970-01-01 00:00:00.000000 +00:00""|""3024-12-31 23:59:59.999999 +00:00""|""Ngaruawahia""|""NGA""|10|1
""316e596e-778e-40ff-841b-9eff7fc94410""|""1970-01-01 00:00:00.000000 +00:00""|""1970-01-01 00:00:00.000000 +00:00""|""3024-12-31 23:59:59.999999 +00:00""|""Te Puke""|""TPK""|10|1
""31782f69-27a5-468b-be4d-67c42bef80c3""|""1970-01-01 00:00:00.000000 +00:00""|""1970-01-01 00:00:00.000000 +00:00""|""3024-12-31 23:59:59.999999 +00:00""|""Whangarei""|""WRE""|10|1
""9dbb6f93-76fd-4e17-adb3-865ad212c2fe""|""1970-01-01 00:00:00.000000 +00:00""|""1970-01-01 00:00:00.000000 +00:00""|""3024-12-31 23:59:59.999999 +00:00""|""Wellsford""|""WFD""|10|1
""71f206e7-7dde-4fa4-a872-66fe0bfcdcb4""|""1970-01-01 00:00:00.000000 +00:00""|""1970-01-01 00:00:00.000000 +00:00""|""3024-12-31 23:59:59.999999 +00:00""|""Warkworth""|""WWC""|10|1
""aa804ef8-e3cf-49ee-92fb-4f38ba9b39b5""|""1970-01-01 00:00:00.000000 +00:00""|""1970-01-01 00:00:00.000000 +00:00""|""3024-12-31 23:59:59.999999 +00:00""|""Kaiwaka""|""KWK""|10|1
""5420d3fb-cd97-4172-8c91-691167c45c4c""|""1970-01-01 00:00:00.000000 +00:00""|""1970-01-01 00:00:00.000000 +00:00""|""3024-12-31 23:59:59.999999 +00:00""|""Kaeo""|""KAE""|10|1
""ce4b4906-ce27-40e3-bc60-48da991e4bf1""|""1970-01-01 00:00:00.000000 +00:00""|""1970-01-01 00:00:00.000000 +00:00""|""3024-12-31 23:59:59.999999 +00:00""|""Mangonui""|""MNG""|10|1
""3b41cbad-1b38-43c8-aa92-2b6ae7ac11bc""|""1970-01-01 00:00:00.000000 +00:00""|""1970-01-01 00:00:00.000000 +00:00""|""3024-12-31 23:59:59.999999 +00:00""|""Waipukurau""|""WPK""|10|1
""9e4e825e-a9f9-42ea-8c49-640911140187""|""1970-01-01 00:00:00.000000 +00:00""|""1970-01-01 00:00:00.000000 +00:00""|""3024-12-31 23:59:59.999999 +00:00""|""Dannevirke""|""DVK""|10|1
""f00cbe70-28d1-4142-ad6e-a451fa69fdb6""|""1970-01-01 00:00:00.000000 +00:00""|""1970-01-01 00:00:00.000000 +00:00""|""3024-12-31 23:59:59.999999 +00:00""|""Woodville""|""WDV""|10|1
""5bfa541d-9d6c-40df-9e9d-0ea6ade158a5""|""1970-01-01 00:00:00.000000 +00:00""|""1970-01-01 00:00:00.000000 +00:00""|""3024-12-31 23:59:59.999999 +00:00""|""Waipawa""|""WPW""|10|1
""ca6e18bd-8f12-4f2b-ba42-79dad105a3fa""|""1970-01-01 00:00:00.000000 +00:00""|""1970-01-01 00:00:00.000000 +00:00""|""3024-12-31 23:59:59.999999 +00:00""|""Havelock (South Island)""|""HAV""|10|1
""c4486bec-6715-427a-bef1-29e3b2f2fe4b""|""1970-01-01 00:00:00.000000 +00:00""|""1970-01-01 00:00:00.000000 +00:00""|""3024-12-31 23:59:59.999999 +00:00""|""Nelson i-SITE""|""NSI""|10|1
""be4867d8-7a8c-457f-8f32-2ea1bb69856b""|""1970-01-01 00:00:00.000000 +00:00""|""1970-01-01 00:00:00.000000 +00:00""|""3024-12-31 23:59:59.999999 +00:00""|""Richmond""|""RCH""|10|1
""6ed4c605-99c0-4d13-bcc2-5669c418aebc""|""1970-01-01 00:00:00.000000 +00:00""|""1970-01-01 00:00:00.000000 +00:00""|""3024-12-31 23:59:59.999999 +00:00""|""Inangahua Junction""|""INJ""|10|1
""98173276-09b7-4c2d-a3a6-1fb6393d8c11""|""1970-01-01 00:00:00.000000 +00:00""|""1970-01-01 00:00:00.000000 +00:00""|""3024-12-31 23:59:59.999999 +00:00""|""Whataroa""|""WTO""|10|1
""85b57ca0-0c30-40d0-9acf-a8691b0ae06f""|""1970-01-01 00:00:00.000000 +00:00""|""1970-01-01 00:00:00.000000 +00:00""|""3024-12-31 23:59:59.999999 +00:00""|""Piopio""|""PIO""|10|1
""02127890-696b-408e-a741-03d1810a44cb""|""1970-01-01 00:00:00.000000 +00:00""|""1970-01-01 00:00:00.000000 +00:00""|""3024-12-31 23:59:59.999999 +00:00""|""Stratford""|""SFD""|10|1
""ac43f9fa-34c6-4dbd-bcec-b89e413697f3""|""1970-01-01 00:00:00.000000 +00:00""|""1970-01-01 00:00:00.000000 +00:00""|""3024-12-31 23:59:59.999999 +00:00""|""Hawera""|""HWA""|10|1
""babff4a2-3067-4cc0-b93b-ef682df07ac0""|""1970-01-01 00:00:00.000000 +00:00""|""1970-01-01 00:00:00.000000 +00:00""|""3024-12-31 23:59:59.999999 +00:00""|""Patea""|""PAT""|10|1
""6e1f9343-afdc-47ec-b568-bbcfac583896""|""1970-01-01 00:00:00.000000 +00:00""|""1970-01-01 00:00:00.000000 +00:00""|""3024-12-31 23:59:59.999999 +00:00""|""Waverley""|""WVY""|10|1
""988d123c-8a89-4027-87fd-9db3adac3a6b""|""1970-01-01 00:00:00.000000 +00:00""|""1970-01-01 00:00:00.000000 +00:00""|""3024-12-31 23:59:59.999999 +00:00""|""Foxton""|""FXN""|10|1
""3b1b4ada-e667-4c9c-a475-ef4d8cfeeccb""|""1970-01-01 00:00:00.000000 +00:00""|""1970-01-01 00:00:00.000000 +00:00""|""3024-12-31 23:59:59.999999 +00:00""|""Inglewood""|""IGD""|10|1
""6986edcb-6bea-478c-a8cb-f4028f74a9f2""|""1970-01-01 00:00:00.000000 +00:00""|""1970-01-01 00:00:00.000000 +00:00""|""3024-12-31 23:59:59.999999 +00:00""|""Eltham""|""ELT""|10|1
""2ae924a9-a8df-4926-a264-1e619dbc698f""|""1970-01-01 00:00:00.000000 +00:00""|""1970-01-01 00:00:00.000000 +00:00""|""3024-12-31 23:59:59.999999 +00:00""|""Cheviot""|""CVT""|10|1
""1527419f-5dae-4f59-b703-011b91399873""|""1970-01-01 00:00:00.000000 +00:00""|""1970-01-01 00:00:00.000000 +00:00""|""3024-12-31 23:59:59.999999 +00:00""|""Alexandra""|""ALX""|10|1
""cb124c21-ee4a-4aa5-9f6d-577a1408a196""|""1970-01-01 00:00:00.000000 +00:00""|""1970-01-01 00:00:00.000000 +00:00""|""3024-12-31 23:59:59.999999 +00:00""|""Roxburgh""|""ROX""|10|1
""6e9c47a6-1ae9-498d-9668-04790b87dec1""|""1970-01-01 00:00:00.000000 +00:00""|""1970-01-01 00:00:00.000000 +00:00""|""3024-12-31 23:59:59.999999 +00:00""|""Cromwell""|""CMW""|10|1
""a98686ad-6cf5-49d0-a2ad-33145b453c62""|""1970-01-01 00:00:00.000000 +00:00""|""1970-01-01 00:00:00.000000 +00:00""|""3024-12-31 23:59:59.999999 +00:00""|""Lawrence""|""LAW""|10|1
""664d58d3-59c2-44bc-82b2-7524b9f64a94""|""1970-01-01 00:00:00.000000 +00:00""|""1970-01-01 00:00:00.000000 +00:00""|""3024-12-31 23:59:59.999999 +00:00""|""Milton""|""MIL""|10|1
""d2e8546a-5aaf-44d2-8ff1-dc8b4c213d8e""|""1970-01-01 00:00:00.000000 +00:00""|""1970-01-01 00:00:00.000000 +00:00""|""3024-12-31 23:59:59.999999 +00:00""|""Hikuai""|""HKI""|10|1
""d70ab60e-563a-4be8-9256-c16a9f65c9d8""|""1970-01-01 00:00:00.000000 +00:00""|""1970-01-01 00:00:00.000000 +00:00""|""3024-12-31 23:59:59.999999 +00:00""|""Tairua""|""TRU""|10|1
""598a08ae-5e14-487a-bcfb-0989c3163f16""|""1970-01-01 00:00:00.000000 +00:00""|""1970-01-01 00:00:00.000000 +00:00""|""3024-12-31 23:59:59.999999 +00:00""|""Otira""|""ISO""|10|1
""0366269a-603b-4fe9-a2c0-2df3ccbd8c4f""|""1970-01-01 00:00:00.000000 +00:00""|""1970-01-01 00:00:00.000000 +00:00""|""3024-12-31 23:59:59.999999 +00:00""|""Waihi""|""WAH""|10|1
""616767b9-5e57-490c-acdc-d180cd9e11af""|""1970-01-01 00:00:00.000000 +00:00""|""1970-01-01 00:00:00.000000 +00:00""|""3024-12-31 23:59:59.999999 +00:00""|""Mount Maunganui""|""MMN""|10|1
""b826f0d6-0925-4ced-98c3-c096bdb2670e""|""1970-01-01 00:00:00.000000 +00:00""|""1970-01-01 00:00:00.000000 +00:00""|""3024-12-31 23:59:59.999999 +00:00""|""Kawerau ""|""KAW""|10|1
""7b2f8b1b-1756-4608-8f26-e2d123a336b5""|""1970-01-01 00:00:00.000000 +00:00""|""1970-01-01 00:00:00.000000 +00:00""|""3024-12-31 23:59:59.999999 +00:00""|""Te Teko""|""TKO""|10|1
""c734e170-3f5d-42e9-82bd-8cd484d93192""|""1970-01-01 00:00:00.000000 +00:00""|""1970-01-01 00:00:00.000000 +00:00""|""3024-12-31 23:59:59.999999 +00:00""|""Kennington""|""KEN""|10|1
""50b2577a-312c-4c40-9427-09637f97b830""|""1970-01-01 00:00:00.000000 +00:00""|""1970-01-01 00:00:00.000000 +00:00""|""3024-12-31 23:59:59.999999 +00:00""|""Woodlands""|""WDL""|10|1
""86dc5d56-045d-4618-9202-ccd530286528""|""1970-01-01 00:00:00.000000 +00:00""|""1970-01-01 00:00:00.000000 +00:00""|""3024-12-31 23:59:59.999999 +00:00""|""Dacre""|""DCR""|10|1
""22e85e67-24fa-4a4c-8d47-9035a5176a95""|""1970-01-01 00:00:00.000000 +00:00""|""1970-01-01 00:00:00.000000 +00:00""|""3024-12-31 23:59:59.999999 +00:00""|""Mataura""|""MAT""|10|1
""6b8491e0-973c-4397-bcde-87094183a38b""|""1970-01-01 00:00:00.000000 +00:00""|""1970-01-01 00:00:00.000000 +00:00""|""3024-12-31 23:59:59.999999 +00:00""|""Paringa""|""PNG""|10|1
""5030faf7-81d4-4941-885c-ded947194098""|""1970-01-01 00:00:00.000000 +00:00""|""1970-01-01 00:00:00.000000 +00:00""|""3024-12-31 23:59:59.999999 +00:00""|""Haast Township""|""HAS""|10|1
""db2cdc43-7cff-4283-961e-febc1ab4d471""|""1970-01-01 00:00:00.000000 +00:00""|""1970-01-01 00:00:00.000000 +00:00""|""3024-12-31 23:59:59.999999 +00:00""|""Makarora""|""MKR""|10|1
""8c13c4f1-e183-41d4-ac80-054945f6bd12""|""1970-01-01 00:00:00.000000 +00:00""|""1970-01-01 00:00:00.000000 +00:00""|""3024-12-31 23:59:59.999999 +00:00""|""Geraldine""|""GLD""|10|1
""cbb0e681-7454-4edc-bcfc-086f7126c191""|""1970-01-01 00:00:00.000000 +00:00""|""1970-01-01 00:00:00.000000 +00:00""|""3024-12-31 23:59:59.999999 +00:00""|""Twizel""|""TWZ""|10|1
""9f8990f8-de2c-4ed3-89dd-5df94b7f13c7""|""1970-01-01 00:00:00.000000 +00:00""|""1970-01-01 00:00:00.000000 +00:00""|""3024-12-31 23:59:59.999999 +00:00""|""Fairlie""|""FRL""|10|1
""81ac5a0c-41a5-40f4-962f-9b177cb34a01""|""1970-01-01 00:00:00.000000 +00:00""|""1970-01-01 00:00:00.000000 +00:00""|""3024-12-31 23:59:59.999999 +00:00""|""Omarama""|""OMA""|10|1
""a1189e69-9f0c-4a2b-8181-d0af8efd3ad1""|""1970-01-01 00:00:00.000000 +00:00""|""1970-01-01 00:00:00.000000 +00:00""|""3024-12-31 23:59:59.999999 +00:00""|""Shannon""|""SHN""|10|1
""dd79cb2f-aa5c-43ea-b716-89cbbdf550f0""|""1970-01-01 00:00:00.000000 +00:00""|""1970-01-01 00:00:00.000000 +00:00""|""3024-12-31 23:59:59.999999 +00:00""|""Marton""|""MTN""|10|1
""2477454c-c103-4dbf-bcde-0ce439d90ab9""|""1970-01-01 00:00:00.000000 +00:00""|""1970-01-01 00:00:00.000000 +00:00""|""3024-12-31 23:59:59.999999 +00:00""|""Whenuakite""|""WKT""|10|1
""a4375eeb-1c5c-4521-9404-366d71a4b3eb""|""1970-01-01 00:00:00.000000 +00:00""|""1970-01-01 00:00:00.000000 +00:00""|""3024-12-31 23:59:59.999999 +00:00""|""Coroglen""|""COG""|10|1
""e0aae267-248c-43b3-b38f-af53906f1767""|""1970-01-01 00:00:00.000000 +00:00""|""1970-01-01 00:00:00.000000 +00:00""|""3024-12-31 23:59:59.999999 +00:00""|""Matamau""|""MMU""|10|1
""e31feee8-aad2-465b-bfec-97295067db65""|""1970-01-01 00:00:00.000000 +00:00""|""1970-01-01 00:00:00.000000 +00:00""|""3024-12-31 23:59:59.999999 +00:00""|""Putorino""|""PTR""|10|1
""bcce626b-2bbb-4e99-8e33-21af6d74cbf3""|""1970-01-01 00:00:00.000000 +00:00""|""1970-01-01 00:00:00.000000 +00:00""|""3024-12-31 23:59:59.999999 +00:00""|""Nuhaka""|""NHK""|10|1
""0507f821-5935-46dc-a041-e771fca1f93e""|""1970-01-01 00:00:00.000000 +00:00""|""1970-01-01 00:00:00.000000 +00:00""|""3024-12-31 23:59:59.999999 +00:00""|""Wairoa""|""WAR""|10|1
""206943a2-1b3d-4f92-b663-e54511a5ce19""|""1970-01-01 00:00:00.000000 +00:00""|""1970-01-01 00:00:00.000000 +00:00""|""3024-12-31 23:59:59.999999 +00:00""|""Wairakei""|""WRK""|10|1
""22c8e9b2-3029-446d-942e-11bf3e121bfa""|""1970-01-01 00:00:00.000000 +00:00""|""1970-01-01 00:00:00.000000 +00:00""|""3024-12-31 23:59:59.999999 +00:00""|""Taumarunui""|""TMN""|5|1
""d139281f-3e35-4388-bbb6-18972e709cfa""|""1970-01-01 00:00:00.000000 +00:00""|""1970-01-01 00:00:00.000000 +00:00""|""3024-12-31 23:59:59.999999 +00:00""|""Raetihi""|""RAE""|10|1
""a8a849cb-1642-4d51-8c47-c303b9d41ba8""|""1970-01-01 00:00:00.000000 +00:00""|""1970-01-01 00:00:00.000000 +00:00""|""3024-12-31 23:59:59.999999 +00:00""|""Matawai""|""MWI""|10|1
""7139a30a-9d51-4a2a-bb26-29b6ec0ffe22""|""1970-01-01 00:00:00.000000 +00:00""|""1970-01-01 00:00:00.000000 +00:00""|""3024-12-31 23:59:59.999999 +00:00""|""Sanson""|""SAN""|10|1
""05c503d3-1974-438a-9b6a-2d1ccaeadc5a""|""1970-01-01 00:00:00.000000 +00:00""|""1970-01-01 00:00:00.000000 +00:00""|""3024-12-31 23:59:59.999999 +00:00""|""Katikati""|""KTK""|10|1
""74c19a55-621d-44d0-9f98-bb39f61e41c8""|""1970-01-01 00:00:00.000000 +00:00""|""1970-01-01 00:00:00.000000 +00:00""|""3024-12-31 23:59:59.999999 +00:00""|""Te Aroha""|""TRH""|10|1
""544f0d69-c76c-47c7-9bbb-9b05624d92b3""|""1970-01-01 00:00:00.000000 +00:00""|""1970-01-01 00:00:00.000000 +00:00""|""3024-12-31 23:59:59.999999 +00:00""|""Greytown""|""GRT""|10|1
""cf8afb16-dcf7-4b68-90d9-99e327470ee4""|""1970-01-01 00:00:00.000000 +00:00""|""1970-01-01 00:00:00.000000 +00:00""|""3024-12-31 23:59:59.999999 +00:00""|""Carterton""|""CTC""|10|1
""f538e233-4a51-43a1-81b5-c094b6a3d396""|""1970-01-01 00:00:00.000000 +00:00""|""1970-01-01 00:00:00.000000 +00:00""|""3024-12-31 23:59:59.999999 +00:00""|""Pahiatua""|""PAH""|10|1
""e393e1a5-3774-4720-a951-9ef9494867bc""|""1970-01-01 00:00:00.000000 +00:00""|""1970-01-01 00:00:00.000000 +00:00""|""3024-12-31 23:59:59.999999 +00:00""|""Eketahuna""|""EKT""|10|1
""74bca8a8-c47c-4c41-9333-ca1045d663cd""|""1970-01-01 00:00:00.000000 +00:00""|""1970-01-01 00:00:00.000000 +00:00""|""3024-12-31 23:59:59.999999 +00:00""|""Normanby""|""NBY""|10|1
""44d508fa-ada0-42e2-9643-d81ce962d12d""|""1970-01-01 00:00:00.000000 +00:00""|""1970-01-01 00:00:00.000000 +00:00""|""3024-12-31 23:59:59.999999 +00:00""|""Waipara""|""WPA""|10|1
""27a1e9dd-dc49-4d1c-a280-5684d9d85c7f""|""1970-01-01 00:00:00.000000 +00:00""|""1970-01-01 00:00:00.000000 +00:00""|""3024-12-31 23:59:59.999999 +00:00""|""Te Awanga""|""TEA""|10|1
""8a13d053-bcf4-42fe-b70b-b41c8ecccd2b""|""1970-01-01 00:00:00.000000 +00:00""|""1970-01-01 00:00:00.000000 +00:00""|""3024-12-31 23:59:59.999999 +00:00""|""Hawkes Bay""|""HWB""|10|1
""4048a216-36ab-4b6e-a1f2-759ef529b485""|""1970-01-01 00:00:00.000000 +00:00""|""1970-01-01 00:00:00.000000 +00:00""|""3024-12-31 23:59:59.999999 +00:00""|""Waitomo Township""|""WCC""|10|1
""f68f30ef-273e-4263-a284-31d57180812b""|""1970-01-01 00:00:00.000000 +00:00""|""1970-01-01 00:00:00.000000 +00:00""|""3024-12-31 23:59:59.999999 +00:00""|""Black Water Rafting Cafe""|""BWR""|10|1
""a2f9df14-956e-435e-a748-6f6a89295ec1""|""1970-01-01 00:00:00.000000 +00:00""|""1970-01-01 00:00:00.000000 +00:00""|""3024-12-31 23:59:59.999999 +00:00""|""Te Puia""|""TPI""|10|1
""8333b909-757b-4116-ba4b-792f3e7a0380""|""1970-01-01 00:00:00.000000 +00:00""|""1970-01-01 00:00:00.000000 +00:00""|""3024-12-31 23:59:59.999999 +00:00""|""Waipu""|""WPU""|10|1
""a847c21e-fd02-4588-a4b5-d241c549fe75""|""1970-01-01 00:00:00.000000 +00:00""|""1970-01-01 00:00:00.000000 +00:00""|""3024-12-31 23:59:59.999999 +00:00""|""Waitangi Treaty Grounds (Bay of Islands)""|""WTG""|10|1
""a51662fe-aa16-47d4-a0d4-f9bcd81a3b94""|""1970-01-01 00:00:00.000000 +00:00""|""1970-01-01 00:00:00.000000 +00:00""|""3024-12-31 23:59:59.999999 +00:00""|""Dunsandel""|""DSD""|10|1
""4af072ea-2adc-4119-9adc-091d3a843f0a""|""1970-01-01 00:00:00.000000 +00:00""|""1970-01-01 00:00:00.000000 +00:00""|""3024-12-31 23:59:59.999999 +00:00""|""Queenstown Airport""|""ZQA""|10|1
""55add8ea-e0fd-48d1-a1ce-c2d95903e5f6""|""1970-01-01 00:00:00.000000 +00:00""|""1970-01-01 00:00:00.000000 +00:00""|""3024-12-31 23:59:59.999999 +00:00""|""Waikanae""|""WAE""|10|1
""aca7951d-462d-4542-96d1-2c9d1bc4253b""|""1970-01-01 00:00:00.000000 +00:00""|""1970-01-01 00:00:00.000000 +00:00""|""3024-12-31 23:59:59.999999 +00:00""|""Waitara""|""WAT""|10|1
""a52af582-5404-4d65-847d-ddb8be2d7182""|""1970-01-01 00:00:00.000000 +00:00""|""1970-01-01 00:00:00.000000 +00:00""|""3024-12-31 23:59:59.999999 +00:00""|""Owhango""|""OWH""|10|1
""34b6a671-3759-4b43-913f-bdb3eb92d9de""|""1970-01-01 00:00:00.000000 +00:00""|""1970-01-01 00:00:00.000000 +00:00""|""3024-12-31 23:59:59.999999 +00:00""|""Mina (Cheviot)""|""MIN""|10|1
""b108ccd6-6751-4727-bbfd-2299587ab74c""|""1970-01-01 00:00:00.000000 +00:00""|""1970-01-01 00:00:00.000000 +00:00""|""3024-12-31 23:59:59.999999 +00:00""|""Waiheke Island""|""WIS""|10|1
""d12c6f86-ad6f-4211-a401-5de6957539ae""|""1970-01-01 00:00:00.000000 +00:00""|""1970-01-01 00:00:00.000000 +00:00""|""3024-12-31 23:59:59.999999 +00:00""|""Moana (Lake Brunner)""|""|10|1
""417fb959-1b9d-45ef-b8d7-397df6e5c27e""|""1970-01-01 00:00:00.000000 +00:00""|""1970-01-01 00:00:00.000000 +00:00""|""3024-12-31 23:59:59.999999 +00:00""|""Renwick""|""REN""|10|1
""0cd0e3fa-98dd-4dde-8ce6-5091bb5ddfa9""|""1970-01-01 00:00:00.000000 +00:00""|""1970-01-01 00:00:00.000000 +00:00""|""3024-12-31 23:59:59.999999 +00:00""|""Feilding""|""FLG""|10|1
""e5843542-041b-4827-aa86-92c7fb0708d3""|""1970-01-01 00:00:00.000000 +00:00""|""1970-01-01 00:00:00.000000 +00:00""|""3024-12-31 23:59:59.999999 +00:00""|""Bombay""|"" ""|10|1
""b3041071-76dc-495e-8a32-e69820beb2da""|""1970-01-01 00:00:00.000000 +00:00""|""1970-01-01 00:00:00.000000 +00:00""|""3024-12-31 23:59:59.999999 +00:00""|""Springfield""|""SPR""|10|1
""25505f39-4bee-49a5-9d78-702fdb9702bb""|""1970-01-01 00:00:00.000000 +00:00""|""1970-01-01 00:00:00.000000 +00:00""|""3024-12-31 23:59:59.999999 +00:00""|""Seddon""|""SDN""|10|1
""b3880bf3-aa04-4a56-85f7-31a839e367b1""|""1970-01-01 00:00:00.000000 +00:00""|""1970-01-01 00:00:00.000000 +00:00""|""3024-12-31 23:59:59.999999 +00:00""|""Darfield ""|""DAR""|10|1
""dc9e198e-5e8e-4093-a9e9-1930e7890528""|""1970-01-01 00:00:00.000000 +00:00""|""1970-01-01 00:00:00.000000 +00:00""|""3024-12-31 23:59:59.999999 +00:00""|""Hanmer Turn Off""|""HNR""|10|1
""3b4bd2d4-cfbb-47d3-bfec-d3882cca869a""|""1970-01-01 00:00:00.000000 +00:00""|""1970-01-01 00:00:00.000000 +00:00""|""3024-12-31 23:59:59.999999 +00:00""|""Little River""|""LRV""|10|1
""9bf9638a-8637-4516-bc5b-dc5b1ff4360b""|""1970-01-01 00:00:00.000000 +00:00""|""1970-01-01 00:00:00.000000 +00:00""|""3024-12-31 23:59:59.999999 +00:00""|""Woodend""|""WDD""|10|1
""0ab9c3a3-2f3e-4275-a61f-c6f8640426f2""|""1970-01-01 00:00:00.000000 +00:00""|""1970-01-01 00:00:00.000000 +00:00""|""3024-12-31 23:59:59.999999 +00:00""|""Clyde""|""CYD""|10|1
""ee019b5c-254e-4690-914b-262d26ecf304""|""1970-01-01 00:00:00.000000 +00:00""|""1970-01-01 00:00:00.000000 +00:00""|""3024-12-31 23:59:59.999999 +00:00""|""Winchester""|""WCH""|10|1
""f4a351ef-590b-47b3-a0e7-440828fa2b40""|""1970-01-01 00:00:00.000000 +00:00""|""1970-01-01 00:00:00.000000 +00:00""|""3024-12-31 23:59:59.999999 +00:00""|""Rangitoto Island""|""RAI""|10|1
""79aefd60-e0b9-44cb-99d9-c085f816fa7d""|""1970-01-01 00:00:00.000000 +00:00""|""1970-01-01 00:00:00.000000 +00:00""|""3024-12-31 23:59:59.999999 +00:00""|""Doubtful Sound""|""DFS""|10|1
""50ed100e-5673-411f-8d3f-956e70ecd9db""|""1970-01-01 00:00:00.000000 +00:00""|""1970-01-01 00:00:00.000000 +00:00""|""3024-12-31 23:59:59.999999 +00:00""|""Manapouri""|""MAN""|10|1
""b598c5aa-bdf7-4747-87f8-7412a4d41f3e""|""1970-01-01 00:00:00.000000 +00:00""|""1970-01-01 00:00:00.000000 +00:00""|""3024-12-31 23:59:59.999999 +00:00""|""Matakana""|""MATK""|10|1
""d5ffea4c-1784-4940-8382-1a2fc728b0e0""|""1970-01-01 00:00:00.000000 +00:00""|""1970-01-01 00:00:00.000000 +00:00""|""3024-12-31 23:59:59.999999 +00:00""|""Christchurch Atomic Shuttle""|""CAT""|10|1
""b66e2f30-5e14-4b65-a5a5-3bf3948c4651""|""1970-01-01 00:00:00.000000 +00:00""|""1970-01-01 00:00:00.000000 +00:00""|""3024-12-31 23:59:59.999999 +00:00""|""Kaiteriteri""|""KRI""|10|1
""af7773fb-05a5-4e9a-881a-f236fe080a1c""|""1970-01-01 00:00:00.000000 +00:00""|""1970-01-01 00:00:00.000000 +00:00""|""3024-12-31 23:59:59.999999 +00:00""|""Rotoroa Island""|""ROA""|10|1
""320f109d-5cc8-4643-9a3f-0b8cc5ae1295""|""1970-01-01 00:00:00.000000 +00:00""|""1970-01-01 00:00:00.000000 +00:00""|""3024-12-31 23:59:59.999999 +00:00""|""Nelson""|""MAC""|0|1
