""5b286732-29e9-461a-be23-a9cb1160753e""|""1970-01-01 00:00:00.000000 +00:00""|""1970-01-01 00:00:00.000000 +00:00""|""3f1152e9-63f4-4faa-ac36-94b4145b860a""|""0ab0f981-7573-4ff4-860c-bd393f2659e9""
""e14e6f93-3ad4-4b88-bfba-8772c23c27a1""|""1970-01-01 00:00:00.000000 +00:00""|""1970-01-01 00:00:00.000000 +00:00""|""3f1152e9-63f4-4faa-ac36-94b4145b860a""|""7835882a-a296-4ba0-93ea-89ee994f8e12""
""7aa38963-0544-4ed9-8fda-bedd04a7733d""|""1970-01-01 00:00:00.000000 +00:00""|""1970-01-01 00:00:00.000000 +00:00""|""3f1152e9-63f4-4faa-ac36-94b4145b860a""|""51111033-47a3-4b3f-9044-ad0b293688ea""
""5e4585b1-711e-4f7e-a75b-171ce4016f61""|""1970-01-01 00:00:00.000000 +00:00""|""1970-01-01 00:00:00.000000 +00:00""|""3f1152e9-63f4-4faa-ac36-94b4145b860a""|""9f56a276-459c-4637-9e3e-7b0def430c98""
""007a2aa6-9ffc-48f9-9e40-63a1eb37263a""|""1970-01-01 00:00:00.000000 +00:00""|""1970-01-01 00:00:00.000000 +00:00""|""3f1152e9-63f4-4faa-ac36-94b4145b860a""|""09cf013c-8c7e-4df5-8c25-38ebefd406dc""
""076ee807-e890-4974-9cb2-0e2edfaf7046""|""1970-01-01 00:00:00.000000 +00:00""|""1970-01-01 00:00:00.000000 +00:00""|""3f1152e9-63f4-4faa-ac36-94b4145b860a""|""ba4714a6-aa05-40ed-9477-8cde48c4500a""
""7a18d9ca-7d87-48a7-ae7d-782ddb70c935""|""1970-01-01 00:00:00.000000 +00:00""|""1970-01-01 00:00:00.000000 +00:00""|""3f1152e9-63f4-4faa-ac36-94b4145b860a""|""6eb0793b-2c3b-4da6-80cd-6c0d03937771""
""23961456-31d0-49e9-9041-d54c0fe069c4""|""1970-01-01 00:00:00.000000 +00:00""|""1970-01-01 00:00:00.000000 +00:00""|""3f1152e9-63f4-4faa-ac36-94b4145b860a""|""c6f7989d-1052-475f-b0f8-d506819f3bed""
""41df1958-8965-4892-bb6d-07dd13cb9ad6""|""1970-01-01 00:00:00.000000 +00:00""|""1970-01-01 00:00:00.000000 +00:00""|""0ed27b28-167a-4572-8c47-1de122aea76e""|""0ab0f981-7573-4ff4-860c-bd393f2659e9""
""636de8d0-7a62-483b-89ec-61f35c33b70a""|""1970-01-01 00:00:00.000000 +00:00""|""1970-01-01 00:00:00.000000 +00:00""|""0ed27b28-167a-4572-8c47-1de122aea76e""|""7835882a-a296-4ba0-93ea-89ee994f8e12""
""3f5cf0e7-3694-4234-8bd5-8c4f71e32841""|""1970-01-01 00:00:00.000000 +00:00""|""1970-01-01 00:00:00.000000 +00:00""|""0ed27b28-167a-4572-8c47-1de122aea76e""|""51111033-47a3-4b3f-9044-ad0b293688ea""
""ebc4bb4d-2e6d-4b0f-882d-0714847565ed""|""1970-01-01 00:00:00.000000 +00:00""|""1970-01-01 00:00:00.000000 +00:00""|""0ed27b28-167a-4572-8c47-1de122aea76e""|""9f56a276-459c-4637-9e3e-7b0def430c98""
""c779b3fe-2b34-403c-88e9-adeb9b836b8c""|""1970-01-01 00:00:00.000000 +00:00""|""1970-01-01 00:00:00.000000 +00:00""|""0ed27b28-167a-4572-8c47-1de122aea76e""|""09cf013c-8c7e-4df5-8c25-38ebefd406dc""
""6413b8af-266b-4b71-a689-f5bbc2332301""|""1970-01-01 00:00:00.000000 +00:00""|""1970-01-01 00:00:00.000000 +00:00""|""0ed27b28-167a-4572-8c47-1de122aea76e""|""ba4714a6-aa05-40ed-9477-8cde48c4500a""
""6f920918-801b-4406-ba5a-968a6fdfb226""|""1970-01-01 00:00:00.000000 +00:00""|""1970-01-01 00:00:00.000000 +00:00""|""0ed27b28-167a-4572-8c47-1de122aea76e""|""6eb0793b-2c3b-4da6-80cd-6c0d03937771""
""6d1cc2cb-1c5c-4525-8e9e-dca1211c8cad""|""1970-01-01 00:00:00.000000 +00:00""|""1970-01-01 00:00:00.000000 +00:00""|""0ed27b28-167a-4572-8c47-1de122aea76e""|""c6f7989d-1052-475f-b0f8-d506819f3bed""
""ae70506b-005e-4ae7-8f09-8e9002bb9de7""|""1970-01-01 00:00:00.000000 +00:00""|""1970-01-01 00:00:00.000000 +00:00""|""56cfdbdc-2a67-4983-b85b-acb9180fe2e0""|""0ab0f981-7573-4ff4-860c-bd393f2659e9""
""8c90eb79-5353-4227-ba12-2ad487fe2bdb""|""1970-01-01 00:00:00.000000 +00:00""|""1970-01-01 00:00:00.000000 +00:00""|""56cfdbdc-2a67-4983-b85b-acb9180fe2e0""|""7835882a-a296-4ba0-93ea-89ee994f8e12""
""8ce43c30-3712-4b84-a3e2-ebd73e8d9d6c""|""1970-01-01 00:00:00.000000 +00:00""|""1970-01-01 00:00:00.000000 +00:00""|""56cfdbdc-2a67-4983-b85b-acb9180fe2e0""|""51111033-47a3-4b3f-9044-ad0b293688ea""
""04942cb1-9ee6-48f1-b537-3479d53fcfb4""|""1970-01-01 00:00:00.000000 +00:00""|""1970-01-01 00:00:00.000000 +00:00""|""56cfdbdc-2a67-4983-b85b-acb9180fe2e0""|""9f56a276-459c-4637-9e3e-7b0def430c98""
""3ebf635d-10f7-412c-b6fd-bc48e706428e""|""1970-01-01 00:00:00.000000 +00:00""|""1970-01-01 00:00:00.000000 +00:00""|""56cfdbdc-2a67-4983-b85b-acb9180fe2e0""|""09cf013c-8c7e-4df5-8c25-38ebefd406dc""
""8cb4cffc-e4d7-4199-abf8-5c727faf62df""|""1970-01-01 00:00:00.000000 +00:00""|""1970-01-01 00:00:00.000000 +00:00""|""56cfdbdc-2a67-4983-b85b-acb9180fe2e0""|""ba4714a6-aa05-40ed-9477-8cde48c4500a""
""725e6ea9-f039-4154-8857-03e1fc97e48e""|""1970-01-01 00:00:00.000000 +00:00""|""1970-01-01 00:00:00.000000 +00:00""|""56cfdbdc-2a67-4983-b85b-acb9180fe2e0""|""6eb0793b-2c3b-4da6-80cd-6c0d03937771""
""1268535f-4e0a-4b49-a712-0bb511b323ad""|""1970-01-01 00:00:00.000000 +00:00""|""1970-01-01 00:00:00.000000 +00:00""|""56cfdbdc-2a67-4983-b85b-acb9180fe2e0""|""c6f7989d-1052-475f-b0f8-d506819f3bed""
""f86c10bb-9497-4b80-82fb-6d42a6306735""|""1970-01-01 00:00:00.000000 +00:00""|""1970-01-01 00:00:00.000000 +00:00""|""c1f63cf9-c89c-4af5-80fc-a074fcdce6c9""|""0ab0f981-7573-4ff4-860c-bd393f2659e9""
""6df57a17-c41f-48aa-92c3-5439e58dd5f0""|""1970-01-01 00:00:00.000000 +00:00""|""1970-01-01 00:00:00.000000 +00:00""|""c1f63cf9-c89c-4af5-80fc-a074fcdce6c9""|""7835882a-a296-4ba0-93ea-89ee994f8e12""
""ed16a3bb-f4ee-484d-a5a0-a34288db373d""|""1970-01-01 00:00:00.000000 +00:00""|""1970-01-01 00:00:00.000000 +00:00""|""c1f63cf9-c89c-4af5-80fc-a074fcdce6c9""|""51111033-47a3-4b3f-9044-ad0b293688ea""
""d690ae30-dd9d-478d-a2f7-0b4856ee0d14""|""1970-01-01 00:00:00.000000 +00:00""|""1970-01-01 00:00:00.000000 +00:00""|""c1f63cf9-c89c-4af5-80fc-a074fcdce6c9""|""9f56a276-459c-4637-9e3e-7b0def430c98""
""5c42ccf5-df93-4507-b2f6-265065c91e8f""|""1970-01-01 00:00:00.000000 +00:00""|""1970-01-01 00:00:00.000000 +00:00""|""c1f63cf9-c89c-4af5-80fc-a074fcdce6c9""|""09cf013c-8c7e-4df5-8c25-38ebefd406dc""
""56373d7a-6697-4335-84ba-1a381eb249a0""|""1970-01-01 00:00:00.000000 +00:00""|""1970-01-01 00:00:00.000000 +00:00""|""c1f63cf9-c89c-4af5-80fc-a074fcdce6c9""|""ba4714a6-aa05-40ed-9477-8cde48c4500a""
""a7942146-e1d0-4aa3-90ab-838b9be9355f""|""1970-01-01 00:00:00.000000 +00:00""|""1970-01-01 00:00:00.000000 +00:00""|""c1f63cf9-c89c-4af5-80fc-a074fcdce6c9""|""6eb0793b-2c3b-4da6-80cd-6c0d03937771""
""003878c9-acfc-41f5-afe8-5ef4e385f887""|""1970-01-01 00:00:00.000000 +00:00""|""1970-01-01 00:00:00.000000 +00:00""|""c1f63cf9-c89c-4af5-80fc-a074fcdce6c9""|""c6f7989d-1052-475f-b0f8-d506819f3bed""
