""ad862b79-5020-47ae-a0be-1a411d2a664a""|""1970-01-01 00:00:00.000000 +00:00""|""1970-01-01 00:00:00.000000 +00:00""|""cee14040-b390-4bb0-b27a-415acd01bfa8""|""0ab0f981-7573-4ff4-860c-bd393f2659e9""
""aafd0a3d-3843-4e8d-a026-49eec9113f9e""|""1970-01-01 00:00:00.000000 +00:00""|""1970-01-01 00:00:00.000000 +00:00""|""cee14040-b390-4bb0-b27a-415acd01bfa8""|""9f56a276-459c-4637-9e3e-7b0def430c98""
""32146eea-238b-410d-aec9-68088efab12e""|""1970-01-01 00:00:00.000000 +00:00""|""1970-01-01 00:00:00.000000 +00:00""|""161a0496-5b57-41f9-8459-f46f0ef58bd7""|""0ab0f981-7573-4ff4-860c-bd393f2659e9""
""b9a1010e-5fa6-42b2-afcf-6c2be189e85f""|""1970-01-01 00:00:00.000000 +00:00""|""1970-01-01 00:00:00.000000 +00:00""|""161a0496-5b57-41f9-8459-f46f0ef58bd7""|""9f56a276-459c-4637-9e3e-7b0def430c98""
""3a8fa876-a2e7-441b-be29-c8daa5061e8b""|""1970-01-01 00:00:00.000000 +00:00""|""1970-01-01 00:00:00.000000 +00:00""|""161a0496-5b57-41f9-8459-f46f0ef58bd7""|""6eb0793b-2c3b-4da6-80cd-6c0d03937771""
""0129200a-71c5-459e-917a-27e7057b579f""|""1970-01-01 00:00:00.000000 +00:00""|""1970-01-01 00:00:00.000000 +00:00""|""161a0496-5b57-41f9-8459-f46f0ef58bd7""|""c6f7989d-1052-475f-b0f8-d506819f3bed""
""97b24534-3a27-4308-884f-c8b0091bee17""|""1970-01-01 00:00:00.000000 +00:00""|""1970-01-01 00:00:00.000000 +00:00""|""9d113e93-350d-4e25-b6b4-75709b986820""|""0ab0f981-7573-4ff4-860c-bd393f2659e9""
""d4d5d723-5e06-4abc-a77c-6e6c18afa125""|""1970-01-01 00:00:00.000000 +00:00""|""1970-01-01 00:00:00.000000 +00:00""|""9d113e93-350d-4e25-b6b4-75709b986820""|""9f56a276-459c-4637-9e3e-7b0def430c98""
""0aaca785-6c30-462c-a646-b3c04b9ad755""|""1970-01-01 00:00:00.000000 +00:00""|""1970-01-01 00:00:00.000000 +00:00""|""481ce09f-2795-49e5-b203-1ff3b95f84a7""|""0ab0f981-7573-4ff4-860c-bd393f2659e9""
""07de9e9e-e762-47d5-8fda-b41a447c2599""|""1970-01-01 00:00:00.000000 +00:00""|""1970-01-01 00:00:00.000000 +00:00""|""481ce09f-2795-49e5-b203-1ff3b95f84a7""|""9f56a276-459c-4637-9e3e-7b0def430c98""
""01fd1378-6384-4bb5-a9df-167d9f20e21c""|""1970-01-01 00:00:00.000000 +00:00""|""1970-01-01 00:00:00.000000 +00:00""|""33f521fd-4c0f-4a2c-be8e-a0476a09aa11""|""0ab0f981-7573-4ff4-860c-bd393f2659e9""
""195690d0-93e5-4a01-a330-21c99ee24e42""|""1970-01-01 00:00:00.000000 +00:00""|""1970-01-01 00:00:00.000000 +00:00""|""33f521fd-4c0f-4a2c-be8e-a0476a09aa11""|""9f56a276-459c-4637-9e3e-7b0def430c98""
""631d4bf7-0c37-410b-afaa-a5244d12444a""|""1970-01-01 00:00:00.000000 +00:00""|""1970-01-01 00:00:00.000000 +00:00""|""0b18dec5-262b-476a-aa42-a00d6664db38""|""0ab0f981-7573-4ff4-860c-bd393f2659e9""
""08de52cd-951d-4db2-9f6a-4dfb0645a953""|""1970-01-01 00:00:00.000000 +00:00""|""1970-01-01 00:00:00.000000 +00:00""|""0b18dec5-262b-476a-aa42-a00d6664db38""|""9f56a276-459c-4637-9e3e-7b0def430c98""
""779eb3e8-0e3a-4588-8788-cd51fa714f3b""|""1970-01-01 00:00:00.000000 +00:00""|""1970-01-01 00:00:00.000000 +00:00""|""0b18dec5-262b-476a-aa42-a00d6664db38""|""6eb0793b-2c3b-4da6-80cd-6c0d03937771""
""7a60e705-a294-4cf1-8dc8-ac5f85c6eba1""|""1970-01-01 00:00:00.000000 +00:00""|""1970-01-01 00:00:00.000000 +00:00""|""0b18dec5-262b-476a-aa42-a00d6664db38""|""c6f7989d-1052-475f-b0f8-d506819f3bed""
""4cce6027-1fee-46b7-95d4-f9778dec5adf""|""1970-01-01 00:00:00.000000 +00:00""|""1970-01-01 00:00:00.000000 +00:00""|""a5197d74-6093-42a5-8a1a-8c4d0cc98de5""|""0ab0f981-7573-4ff4-860c-bd393f2659e9""
""c8174f24-c670-4eac-87ff-3c41bbf18ef7""|""1970-01-01 00:00:00.000000 +00:00""|""1970-01-01 00:00:00.000000 +00:00""|""a5197d74-6093-42a5-8a1a-8c4d0cc98de5""|""9f56a276-459c-4637-9e3e-7b0def430c98""
""ce4111a9-034f-4aef-8d60-53ec012c0608""|""1970-01-01 00:00:00.000000 +00:00""|""1970-01-01 00:00:00.000000 +00:00""|""c2912c3a-91bf-435a-9c02-3b26f817efb6""|""0ab0f981-7573-4ff4-860c-bd393f2659e9""
""34d95c29-75a5-42c1-857d-3d25e59176e9""|""1970-01-01 00:00:00.000000 +00:00""|""1970-01-01 00:00:00.000000 +00:00""|""c2912c3a-91bf-435a-9c02-3b26f817efb6""|""7835882a-a296-4ba0-93ea-89ee994f8e12""
""89327104-5a04-496c-b742-5fb277e07e24""|""1970-01-01 00:00:00.000000 +00:00""|""1970-01-01 00:00:00.000000 +00:00""|""c2912c3a-91bf-435a-9c02-3b26f817efb6""|""6eb0793b-2c3b-4da6-80cd-6c0d03937771""
""c1dbe5bf-80bc-4edf-980e-b6d1262938ef""|""1970-01-01 00:00:00.000000 +00:00""|""1970-01-01 00:00:00.000000 +00:00""|""c2912c3a-91bf-435a-9c02-3b26f817efb6""|""c6f7989d-1052-475f-b0f8-d506819f3bed""
""534a9a80-0f32-4c9f-a7fc-0da805e9595a""|""1970-01-01 00:00:00.000000 +00:00""|""1970-01-01 00:00:00.000000 +00:00""|""a5590135-60f9-4260-9d9b-0a8e1e64bc40""|""0ab0f981-7573-4ff4-860c-bd393f2659e9""
""e8e303d6-667d-4c18-ad0e-591ff360beba""|""1970-01-01 00:00:00.000000 +00:00""|""1970-01-01 00:00:00.000000 +00:00""|""a5590135-60f9-4260-9d9b-0a8e1e64bc40""|""9f56a276-459c-4637-9e3e-7b0def430c98""
""e9334996-5934-42e6-9f84-8d56b8b1808e""|""1970-01-01 00:00:00.000000 +00:00""|""1970-01-01 00:00:00.000000 +00:00""|""a0adfd23-ecd2-4197-87f9-3669b5576570""|""0ab0f981-7573-4ff4-860c-bd393f2659e9""
""3b624e8d-56d2-4a00-b097-b4a8fe1c83d3""|""1970-01-01 00:00:00.000000 +00:00""|""1970-01-01 00:00:00.000000 +00:00""|""a0adfd23-ecd2-4197-87f9-3669b5576570""|""9f56a276-459c-4637-9e3e-7b0def430c98""
""4e6b5caa-445f-4ea8-b70d-9955047aae83""|""1970-01-01 00:00:00.000000 +00:00""|""1970-01-01 00:00:00.000000 +00:00""|""7cfbb6ad-6462-4a40-92b4-534ecdb4ec2b""|""0ab0f981-7573-4ff4-860c-bd393f2659e9""
""0a6ee49d-b912-42d6-9c5f-974d176176e8""|""1970-01-01 00:00:00.000000 +00:00""|""1970-01-01 00:00:00.000000 +00:00""|""7cfbb6ad-6462-4a40-92b4-534ecdb4ec2b""|""7835882a-a296-4ba0-93ea-89ee994f8e12""
""d1873659-8d3a-46ab-a752-7f39aff173c4""|""1970-01-01 00:00:00.000000 +00:00""|""1970-01-01 00:00:00.000000 +00:00""|""7cfbb6ad-6462-4a40-92b4-534ecdb4ec2b""|""51111033-47a3-4b3f-9044-ad0b293688ea""
""7638742e-900b-4b03-b805-a237cac2bcb6""|""1970-01-01 00:00:00.000000 +00:00""|""1970-01-01 00:00:00.000000 +00:00""|""7cfbb6ad-6462-4a40-92b4-534ecdb4ec2b""|""9f56a276-459c-4637-9e3e-7b0def430c98""
""58e64f01-9b43-4266-9a88-df8fef3795a6""|""1970-01-01 00:00:00.000000 +00:00""|""1970-01-01 00:00:00.000000 +00:00""|""7cfbb6ad-6462-4a40-92b4-534ecdb4ec2b""|""09cf013c-8c7e-4df5-8c25-38ebefd406dc""
""9daefd5f-b64f-48d4-9ff5-9f2266cad695""|""1970-01-01 00:00:00.000000 +00:00""|""1970-01-01 00:00:00.000000 +00:00""|""7cfbb6ad-6462-4a40-92b4-534ecdb4ec2b""|""ba4714a6-aa05-40ed-9477-8cde48c4500a""
""a2e7746a-4936-4632-8419-95da394f4dfa""|""1970-01-01 00:00:00.000000 +00:00""|""1970-01-01 00:00:00.000000 +00:00""|""7cfbb6ad-6462-4a40-92b4-534ecdb4ec2b""|""6eb0793b-2c3b-4da6-80cd-6c0d03937771""
""cafb8369-5db0-42f5-9a8f-819eebe08cdd""|""1970-01-01 00:00:00.000000 +00:00""|""1970-01-01 00:00:00.000000 +00:00""|""7cfbb6ad-6462-4a40-92b4-534ecdb4ec2b""|""c6f7989d-1052-475f-b0f8-d506819f3bed""
""8f896bad-b5ba-4cb5-b7cc-6e669e931ed0""|""1970-01-01 00:00:00.000000 +00:00""|""1970-01-01 00:00:00.000000 +00:00""|""e4c66986-1de7-439e-9050-cf7c7b6368a4""|""0ab0f981-7573-4ff4-860c-bd393f2659e9""
""4a99d810-f4b7-439a-b71a-d25da83fc3bb""|""1970-01-01 00:00:00.000000 +00:00""|""1970-01-01 00:00:00.000000 +00:00""|""e4c66986-1de7-439e-9050-cf7c7b6368a4""|""7835882a-a296-4ba0-93ea-89ee994f8e12""
""95c6dbc9-42ac-45dd-a6a9-9d4e9a3dcd0e""|""1970-01-01 00:00:00.000000 +00:00""|""1970-01-01 00:00:00.000000 +00:00""|""e4c66986-1de7-439e-9050-cf7c7b6368a4""|""c6f7989d-1052-475f-b0f8-d506819f3bed""
""b7687e4e-53b5-4c32-97d3-c1927bd3caab""|""1970-01-01 00:00:00.000000 +00:00""|""1970-01-01 00:00:00.000000 +00:00""|""7b6f2d54-893b-48da-b47e-9ad825c1e987""|""0ab0f981-7573-4ff4-860c-bd393f2659e9""
""7c054dbd-e06a-40ac-948f-5af1d66149e1""|""1970-01-01 00:00:00.000000 +00:00""|""1970-01-01 00:00:00.000000 +00:00""|""7b6f2d54-893b-48da-b47e-9ad825c1e987""|""9f56a276-459c-4637-9e3e-7b0def430c98""
""067919ff-47c8-4f60-a479-9ed763cd2498""|""1970-01-01 00:00:00.000000 +00:00""|""1970-01-01 00:00:00.000000 +00:00""|""7b6f2d54-893b-48da-b47e-9ad825c1e987""|""c6f7989d-1052-475f-b0f8-d506819f3bed""
""d69d6e27-ef47-4df4-b6d2-f966eba6a304""|""1970-01-01 00:00:00.000000 +00:00""|""1970-01-01 00:00:00.000000 +00:00""|""a30e162d-1ec3-4d08-b854-48d5360fa3db""|""0ab0f981-7573-4ff4-860c-bd393f2659e9""
""1de3f190-417d-4b9c-ac33-21585cfd58dd""|""1970-01-01 00:00:00.000000 +00:00""|""1970-01-01 00:00:00.000000 +00:00""|""a30e162d-1ec3-4d08-b854-48d5360fa3db""|""c6f7989d-1052-475f-b0f8-d506819f3bed""
""f40fd830-b7c4-48df-85d6-b3815b6d8982""|""1970-01-01 00:00:00.000000 +00:00""|""1970-01-01 00:00:00.000000 +00:00""|""4cb28922-fa8e-43fe-8693-d156763098d0""|""0ab0f981-7573-4ff4-860c-bd393f2659e9""
""71613b3b-3ca0-4fdc-a2a3-66433de3e39f""|""1970-01-01 00:00:00.000000 +00:00""|""1970-01-01 00:00:00.000000 +00:00""|""4cb28922-fa8e-43fe-8693-d156763098d0""|""7835882a-a296-4ba0-93ea-89ee994f8e12""
""3b8f69be-be60-41f9-9ea3-54b72dfeed9d""|""1970-01-01 00:00:00.000000 +00:00""|""1970-01-01 00:00:00.000000 +00:00""|""4cb28922-fa8e-43fe-8693-d156763098d0""|""51111033-47a3-4b3f-9044-ad0b293688ea""
""e28f38b0-c9ef-44e4-bd1b-a67efc3e9910""|""1970-01-01 00:00:00.000000 +00:00""|""1970-01-01 00:00:00.000000 +00:00""|""4cb28922-fa8e-43fe-8693-d156763098d0""|""9f56a276-459c-4637-9e3e-7b0def430c98""
""9921b971-93f4-4303-a3e0-09c8f559867f""|""1970-01-01 00:00:00.000000 +00:00""|""1970-01-01 00:00:00.000000 +00:00""|""4cb28922-fa8e-43fe-8693-d156763098d0""|""09cf013c-8c7e-4df5-8c25-38ebefd406dc""
""8feeb389-7b12-48fd-8d7b-6a8a12401c90""|""1970-01-01 00:00:00.000000 +00:00""|""1970-01-01 00:00:00.000000 +00:00""|""4cb28922-fa8e-43fe-8693-d156763098d0""|""ba4714a6-aa05-40ed-9477-8cde48c4500a""
""8dd13a16-8229-4cf5-997e-c79108838637""|""1970-01-01 00:00:00.000000 +00:00""|""1970-01-01 00:00:00.000000 +00:00""|""4cb28922-fa8e-43fe-8693-d156763098d0""|""6eb0793b-2c3b-4da6-80cd-6c0d03937771""
""7b1ec19d-4fb8-4050-a553-94f2394b9c9e""|""1970-01-01 00:00:00.000000 +00:00""|""1970-01-01 00:00:00.000000 +00:00""|""4cb28922-fa8e-43fe-8693-d156763098d0""|""c6f7989d-1052-475f-b0f8-d506819f3bed""
""097fa9f8-f5a8-4032-b2aa-83e1ae871949""|""1970-01-01 00:00:00.000000 +00:00""|""1970-01-01 00:00:00.000000 +00:00""|""5f8917d3-fc7d-4f91-836c-1fadcba762a8""|""0ab0f981-7573-4ff4-860c-bd393f2659e9""
""b0471d2a-7cab-4ba8-8554-ba5867e6c177""|""1970-01-01 00:00:00.000000 +00:00""|""1970-01-01 00:00:00.000000 +00:00""|""5f8917d3-fc7d-4f91-836c-1fadcba762a8""|""7835882a-a296-4ba0-93ea-89ee994f8e12""
""adf9d71d-e7bc-41ea-a99d-7d408a30db03""|""1970-01-01 00:00:00.000000 +00:00""|""1970-01-01 00:00:00.000000 +00:00""|""5f8917d3-fc7d-4f91-836c-1fadcba762a8""|""51111033-47a3-4b3f-9044-ad0b293688ea""
""b0606abe-d397-4897-9397-df60f6046246""|""1970-01-01 00:00:00.000000 +00:00""|""1970-01-01 00:00:00.000000 +00:00""|""5f8917d3-fc7d-4f91-836c-1fadcba762a8""|""9f56a276-459c-4637-9e3e-7b0def430c98""
""da9a80e0-8f9e-4f03-bd7c-3b0a7d8d353d""|""1970-01-01 00:00:00.000000 +00:00""|""1970-01-01 00:00:00.000000 +00:00""|""5f8917d3-fc7d-4f91-836c-1fadcba762a8""|""09cf013c-8c7e-4df5-8c25-38ebefd406dc""
""04eb3171-4d4c-44f4-8a95-059f3c153fff""|""1970-01-01 00:00:00.000000 +00:00""|""1970-01-01 00:00:00.000000 +00:00""|""5f8917d3-fc7d-4f91-836c-1fadcba762a8""|""ba4714a6-aa05-40ed-9477-8cde48c4500a""
""fc89a38d-7d8e-4eb4-b56e-59956f17efff""|""1970-01-01 00:00:00.000000 +00:00""|""1970-01-01 00:00:00.000000 +00:00""|""5f8917d3-fc7d-4f91-836c-1fadcba762a8""|""6eb0793b-2c3b-4da6-80cd-6c0d03937771""
""48703aec-0be5-4a87-872a-d80d5e9ac25c""|""1970-01-01 00:00:00.000000 +00:00""|""1970-01-01 00:00:00.000000 +00:00""|""5f8917d3-fc7d-4f91-836c-1fadcba762a8""|""c6f7989d-1052-475f-b0f8-d506819f3bed""
""9f942312-7681-4117-a8ae-6ade6d75f0d5""|""1970-01-01 00:00:00.000000 +00:00""|""1970-01-01 00:00:00.000000 +00:00""|""62752325-4cfc-4846-976d-d07c76f3a559""|""0ab0f981-7573-4ff4-860c-bd393f2659e9""
""0162dd2b-fcc6-49d5-91a1-94fb230a5b41""|""1970-01-01 00:00:00.000000 +00:00""|""1970-01-01 00:00:00.000000 +00:00""|""62752325-4cfc-4846-976d-d07c76f3a559""|""7835882a-a296-4ba0-93ea-89ee994f8e12""
""346b44d3-2246-4b47-a983-80eec7fefb56""|""1970-01-01 00:00:00.000000 +00:00""|""1970-01-01 00:00:00.000000 +00:00""|""62752325-4cfc-4846-976d-d07c76f3a559""|""51111033-47a3-4b3f-9044-ad0b293688ea""
""1f96a71a-8a43-40bd-8627-9770f12a09c5""|""1970-01-01 00:00:00.000000 +00:00""|""1970-01-01 00:00:00.000000 +00:00""|""62752325-4cfc-4846-976d-d07c76f3a559""|""9f56a276-459c-4637-9e3e-7b0def430c98""
""d0771234-b506-40dd-a0a7-67a963e41348""|""1970-01-01 00:00:00.000000 +00:00""|""1970-01-01 00:00:00.000000 +00:00""|""62752325-4cfc-4846-976d-d07c76f3a559""|""09cf013c-8c7e-4df5-8c25-38ebefd406dc""
""9d39810a-7ce1-475e-a1a4-80a9c87c70a8""|""1970-01-01 00:00:00.000000 +00:00""|""1970-01-01 00:00:00.000000 +00:00""|""62752325-4cfc-4846-976d-d07c76f3a559""|""ba4714a6-aa05-40ed-9477-8cde48c4500a""
""8b2df463-b06f-4463-8779-b36a9faa7929""|""1970-01-01 00:00:00.000000 +00:00""|""1970-01-01 00:00:00.000000 +00:00""|""62752325-4cfc-4846-976d-d07c76f3a559""|""6eb0793b-2c3b-4da6-80cd-6c0d03937771""
""c0cee3ee-a658-41a5-af7d-b4e698972896""|""1970-01-01 00:00:00.000000 +00:00""|""1970-01-01 00:00:00.000000 +00:00""|""62752325-4cfc-4846-976d-d07c76f3a559""|""c6f7989d-1052-475f-b0f8-d506819f3bed""
""a71c7e8f-3d39-41ff-8aff-55d15d68cd7f""|""1970-01-01 00:00:00.000000 +00:00""|""1970-01-01 00:00:00.000000 +00:00""|""db80baac-c3bb-4fd7-ac0c-c1a3ff335673""|""0ab0f981-7573-4ff4-860c-bd393f2659e9""
""61f44056-7135-4880-882c-8a1a1885c26c""|""1970-01-01 00:00:00.000000 +00:00""|""1970-01-01 00:00:00.000000 +00:00""|""db80baac-c3bb-4fd7-ac0c-c1a3ff335673""|""7835882a-a296-4ba0-93ea-89ee994f8e12""
""5429bcec-98e6-44a5-92a2-bdac37804c5f""|""1970-01-01 00:00:00.000000 +00:00""|""1970-01-01 00:00:00.000000 +00:00""|""db80baac-c3bb-4fd7-ac0c-c1a3ff335673""|""51111033-47a3-4b3f-9044-ad0b293688ea""
""b874fe19-6f1b-4838-9efe-7e079ecb1ce1""|""1970-01-01 00:00:00.000000 +00:00""|""1970-01-01 00:00:00.000000 +00:00""|""db80baac-c3bb-4fd7-ac0c-c1a3ff335673""|""9f56a276-459c-4637-9e3e-7b0def430c98""
""b9bf8cb5-d442-4aa2-a050-fb9d79462f1a""|""1970-01-01 00:00:00.000000 +00:00""|""1970-01-01 00:00:00.000000 +00:00""|""db80baac-c3bb-4fd7-ac0c-c1a3ff335673""|""09cf013c-8c7e-4df5-8c25-38ebefd406dc""
""53660ff2-ba95-424b-b37e-6b4029a94047""|""1970-01-01 00:00:00.000000 +00:00""|""1970-01-01 00:00:00.000000 +00:00""|""db80baac-c3bb-4fd7-ac0c-c1a3ff335673""|""ba4714a6-aa05-40ed-9477-8cde48c4500a""
""8bd9c2ab-c886-4c34-9784-3fb01003e8bf""|""1970-01-01 00:00:00.000000 +00:00""|""1970-01-01 00:00:00.000000 +00:00""|""db80baac-c3bb-4fd7-ac0c-c1a3ff335673""|""6eb0793b-2c3b-4da6-80cd-6c0d03937771""
""c596f6d3-1cce-4728-b05e-1c589313fd49""|""1970-01-01 00:00:00.000000 +00:00""|""1970-01-01 00:00:00.000000 +00:00""|""db80baac-c3bb-4fd7-ac0c-c1a3ff335673""|""c6f7989d-1052-475f-b0f8-d506819f3bed""
