""9ee68149-4162-42ee-a2dd-e338440f6562""|""1970-01-01 00:00:00.000000 +00:00""|""1970-01-01 00:00:00.000000 +00:00""|""abbd7f03-06f5-4138-98f3-569951069605""|""0ed27b28-167a-4572-8c47-1de122aea76e""
""e7873ef3-96e4-40d8-87c9-fb3ef991cc94""|""1970-01-01 00:00:00.000000 +00:00""|""1970-01-01 00:00:00.000000 +00:00""|""f2cf1a1a-60ad-46cf-bb62-0318d3c53643""|""0ed27b28-167a-4572-8c47-1de122aea76e""
""beddbbcc-e9fb-4f81-9656-4c6b73afc99b""|""1970-01-01 00:00:00.000000 +00:00""|""1970-01-01 00:00:00.000000 +00:00""|""a0d139ab-c25d-42de-9595-92e162ece4fc""|""0ed27b28-167a-4572-8c47-1de122aea76e""
""0e691748-ec2b-4772-9ee9-95c386b8c0e4""|""1970-01-01 00:00:00.000000 +00:00""|""1970-01-01 00:00:00.000000 +00:00""|""34f89a65-1b89-4132-a51a-fcbf16a5f0c0""|""0ed27b28-167a-4572-8c47-1de122aea76e""
""542ee7bc-9ffb-4407-bedc-8fd543398087""|""1970-01-01 00:00:00.000000 +00:00""|""1970-01-01 00:00:00.000000 +00:00""|""2973a410-c0ef-4f5a-9ab0-16ad014756be""|""0ed27b28-167a-4572-8c47-1de122aea76e""
""8549a2af-fae0-4ff1-afbc-d2193ac5a7ea""|""1970-01-01 00:00:00.000000 +00:00""|""1970-01-01 00:00:00.000000 +00:00""|""230f9f53-214a-42ec-ae28-dfe9dc93841a""|""0ed27b28-167a-4572-8c47-1de122aea76e""
""2ccb0ddb-77a9-4e46-ad5f-3ec7f4205b2d""|""1970-01-01 00:00:00.000000 +00:00""|""1970-01-01 00:00:00.000000 +00:00""|""99ad7797-dac5-430c-87a5-0e4b32d5eb67""|""0ed27b28-167a-4572-8c47-1de122aea76e""
""79b806d4-dd2d-4086-bc2d-6f54855aaa61""|""1970-01-01 00:00:00.000000 +00:00""|""1970-01-01 00:00:00.000000 +00:00""|""121029b6-4e94-4aec-bc02-ac000656b391""|""0ed27b28-167a-4572-8c47-1de122aea76e""
""bb51407a-d2cc-4c5c-b6e4-11264fd8f904""|""1970-01-01 00:00:00.000000 +00:00""|""1970-01-01 00:00:00.000000 +00:00""|""2c793b33-729d-4536-9f72-817e85fc953b""|""3f1152e9-63f4-4faa-ac36-94b4145b860a""
""c6a14307-4e65-47f2-8983-84b1cee311b8""|""1970-01-01 00:00:00.000000 +00:00""|""1970-01-01 00:00:00.000000 +00:00""|""2c793b33-729d-4536-9f72-817e85fc953b""|""0ed27b28-167a-4572-8c47-1de122aea76e""
""875410d1-f4ef-465e-9f94-aa20f23ecea8""|""1970-01-01 00:00:00.000000 +00:00""|""1970-01-01 00:00:00.000000 +00:00""|""304d8f2d-f239-4b28-98c8-e5842259020d""|""0ed27b28-167a-4572-8c47-1de122aea76e""
""6b27a5a7-7ec9-4d44-a2aa-8e52c4684c86""|""1970-01-01 00:00:00.000000 +00:00""|""1970-01-01 00:00:00.000000 +00:00""|""b5df7f18-6d76-43d4-bf84-8aa1400d628a""|""0ed27b28-167a-4572-8c47-1de122aea76e""
""2b0bc01b-557b-40b8-b03c-cba82f445ef1""|""1970-01-01 00:00:00.000000 +00:00""|""1970-01-01 00:00:00.000000 +00:00""|""35c51cc4-d079-4bf4-896b-d38f775f2d5b""|""0ed27b28-167a-4572-8c47-1de122aea76e""
""7461b707-0e86-47cc-8ecd-b5eb90073104""|""1970-01-01 00:00:00.000000 +00:00""|""1970-01-01 00:00:00.000000 +00:00""|""85908a80-3a3e-4dbe-ab06-a8e80abfaffa""|""0ed27b28-167a-4572-8c47-1de122aea76e""
""324393e9-007c-4a46-84ee-13cf71afa697""|""1970-01-01 00:00:00.000000 +00:00""|""1970-01-01 00:00:00.000000 +00:00""|""6e9d9ebc-ad18-471c-8f72-987eb1dbae09""|""0ed27b28-167a-4572-8c47-1de122aea76e""
""8422ce98-d337-4863-b77d-d2067dce95f5""|""1970-01-01 00:00:00.000000 +00:00""|""1970-01-01 00:00:00.000000 +00:00""|""bd34ca42-ffe1-4764-81d5-d10992240778""|""0ed27b28-167a-4572-8c47-1de122aea76e""
""5a1fb726-c588-4e92-8fbe-fc41bdcae0d2""|""1970-01-01 00:00:00.000000 +00:00""|""1970-01-01 00:00:00.000000 +00:00""|""7a9c5439-fde9-4224-8aea-4d9d90cf0fc1""|""0ed27b28-167a-4572-8c47-1de122aea76e""
""decb46d1-6154-4bf7-afa8-a56746b405b4""|""1970-01-01 00:00:00.000000 +00:00""|""1970-01-01 00:00:00.000000 +00:00""|""738ee316-74fd-499c-aef7-4a0b30ae6fd8""|""0ed27b28-167a-4572-8c47-1de122aea76e""
""61328d51-bea5-4aaf-bcd0-556db99cf3d7""|""1970-01-01 00:00:00.000000 +00:00""|""1970-01-01 00:00:00.000000 +00:00""|""3a5a5330-bb87-4e72-89eb-f65d79f8417e""|""0ed27b28-167a-4572-8c47-1de122aea76e""
""7987d159-592c-4144-a785-0c580bc89232""|""1970-01-01 00:00:00.000000 +00:00""|""1970-01-01 00:00:00.000000 +00:00""|""cda33494-2134-4a35-bd39-85c9d7eac933""|""0ed27b28-167a-4572-8c47-1de122aea76e""
""63827650-5769-4134-b821-ed88dd7ca5f2""|""1970-01-01 00:00:00.000000 +00:00""|""1970-01-01 00:00:00.000000 +00:00""|""5ee8ab77-47a4-40e5-82a9-f466029e6b10""|""0ed27b28-167a-4572-8c47-1de122aea76e""
""d0b46356-01ec-450d-8a60-0eba42b10e11""|""1970-01-01 00:00:00.000000 +00:00""|""1970-01-01 00:00:00.000000 +00:00""|""37cd803e-87b8-4445-9d8e-7ad24811529a""|""0ed27b28-167a-4572-8c47-1de122aea76e""
""941390dd-6730-4a26-859c-df50fe88136a""|""1970-01-01 00:00:00.000000 +00:00""|""1970-01-01 00:00:00.000000 +00:00""|""5a36f6cf-8d49-4ebd-8ffa-c75fef5ffc83""|""0ed27b28-167a-4572-8c47-1de122aea76e""
""8c422167-661e-4cb5-8d6b-eb0042858064""|""1970-01-01 00:00:00.000000 +00:00""|""1970-01-01 00:00:00.000000 +00:00""|""0bf7e0a4-0e0a-498b-bda1-2a9b69e343ba""|""0ed27b28-167a-4572-8c47-1de122aea76e""
""5cbeb328-3d36-4547-9847-fd4d0ead25a9""|""1970-01-01 00:00:00.000000 +00:00""|""1970-01-01 00:00:00.000000 +00:00""|""647abb45-0955-4b8d-9378-1ba0ad005668""|""0ed27b28-167a-4572-8c47-1de122aea76e""
""6cd56db5-0bf8-479e-9aa1-e1b8f0b6c087""|""1970-01-01 00:00:00.000000 +00:00""|""1970-01-01 00:00:00.000000 +00:00""|""e587ccae-eb8c-4c1c-8750-0fb6ba63b492""|""0ed27b28-167a-4572-8c47-1de122aea76e""
""8a535e98-ce4b-4836-94ff-86a47fe947b5""|""1970-01-01 00:00:00.000000 +00:00""|""1970-01-01 00:00:00.000000 +00:00""|""d319a3ab-3fa5-4578-a60d-fa6a560ea072""|""0ed27b28-167a-4572-8c47-1de122aea76e""
""9f1237ad-e8c7-4318-9069-4d63ed292d6b""|""1970-01-01 00:00:00.000000 +00:00""|""1970-01-01 00:00:00.000000 +00:00""|""e809e0ca-23b8-45d0-bcb0-61f42138c5a2""|""0ed27b28-167a-4572-8c47-1de122aea76e""
""334c4fca-8639-4b05-86bb-ac46a16f9230""|""1970-01-01 00:00:00.000000 +00:00""|""1970-01-01 00:00:00.000000 +00:00""|""4cbc8655-c55f-436b-ab3c-5ea15ae94058""|""0ed27b28-167a-4572-8c47-1de122aea76e""
""665c550e-1e96-4e5a-9f88-cdb6e0cccc63""|""1970-01-01 00:00:00.000000 +00:00""|""1970-01-01 00:00:00.000000 +00:00""|""ebb9b7b9-2dd2-4634-99c4-4d57ebbf2f02""|""0ed27b28-167a-4572-8c47-1de122aea76e""
""0fa2bb5b-df05-4831-ab89-e884740645f9""|""1970-01-01 00:00:00.000000 +00:00""|""1970-01-01 00:00:00.000000 +00:00""|""86275897-b85e-43a5-9f6e-c072604b7940""|""0ed27b28-167a-4572-8c47-1de122aea76e""
""f07405e7-497f-4ab6-bf48-bffdada949cf""|""1970-01-01 00:00:00.000000 +00:00""|""1970-01-01 00:00:00.000000 +00:00""|""564162a1-15fc-4827-85e6-da6608033f8d""|""0ed27b28-167a-4572-8c47-1de122aea76e""
""2bff2747-cf1a-48ec-9524-97aa443a7bb8""|""1970-01-01 00:00:00.000000 +00:00""|""1970-01-01 00:00:00.000000 +00:00""|""fdab2da9-1f37-49f1-bf2c-60792c36d1a6""|""3f1152e9-63f4-4faa-ac36-94b4145b860a""
""b87b4506-5c16-4ed3-86df-e3b4a73e7334""|""1970-01-01 00:00:00.000000 +00:00""|""1970-01-01 00:00:00.000000 +00:00""|""fdab2da9-1f37-49f1-bf2c-60792c36d1a6""|""0ed27b28-167a-4572-8c47-1de122aea76e""
""281c3967-cfd7-4aa3-8b92-f18a86645868""|""1970-01-01 00:00:00.000000 +00:00""|""1970-01-01 00:00:00.000000 +00:00""|""73edda48-592a-4e56-b1b2-97a8e8b19384""|""0ed27b28-167a-4572-8c47-1de122aea76e""
""79f47a8c-8e1b-4819-af0a-8935a6c0596a""|""1970-01-01 00:00:00.000000 +00:00""|""1970-01-01 00:00:00.000000 +00:00""|""63febef3-56c1-4601-80db-500960f07256""|""0ed27b28-167a-4572-8c47-1de122aea76e""
""93b0ebff-adef-4ba8-844c-972ffcb39968""|""1970-01-01 00:00:00.000000 +00:00""|""1970-01-01 00:00:00.000000 +00:00""|""749b3572-8a80-46d4-84b9-3330368923e9""|""0ed27b28-167a-4572-8c47-1de122aea76e""
""7e134bd2-c53f-4194-a194-175f651ac14c""|""1970-01-01 00:00:00.000000 +00:00""|""1970-01-01 00:00:00.000000 +00:00""|""d8330507-4e99-4ceb-aa70-f75659cf4874""|""0ed27b28-167a-4572-8c47-1de122aea76e""
""2d5eb5d0-e2a9-41b1-b769-d2d6ad7694a9""|""1970-01-01 00:00:00.000000 +00:00""|""1970-01-01 00:00:00.000000 +00:00""|""966dce73-1207-4cfd-b772-6ff147961eec""|""0ed27b28-167a-4572-8c47-1de122aea76e""
""5de67ea0-e043-49d3-a7ca-c42331199e44""|""1970-01-01 00:00:00.000000 +00:00""|""1970-01-01 00:00:00.000000 +00:00""|""b30f24bb-3b25-4616-b61f-63cd7664a87e""|""0ed27b28-167a-4572-8c47-1de122aea76e""
""4a2bdbc3-b855-4517-ac3a-782c1343de73""|""1970-01-01 00:00:00.000000 +00:00""|""1970-01-01 00:00:00.000000 +00:00""|""15d6252a-756d-4861-b3af-7cdf910cfb46""|""0ed27b28-167a-4572-8c47-1de122aea76e""
""e19d7af7-7b68-4c9e-973f-56608ab9d526""|""1970-01-01 00:00:00.000000 +00:00""|""1970-01-01 00:00:00.000000 +00:00""|""0189b2b3-f635-4d06-b3d3-518eef0770ca""|""0ed27b28-167a-4572-8c47-1de122aea76e""
""d0930bff-5b46-4527-8db5-d6f67305a46a""|""1970-01-01 00:00:00.000000 +00:00""|""1970-01-01 00:00:00.000000 +00:00""|""a583b02a-ff71-4fd5-91e2-73a7c41f1dd7""|""0ed27b28-167a-4572-8c47-1de122aea76e""
""d3412ecd-744a-49e4-a342-9428322c7afa""|""1970-01-01 00:00:00.000000 +00:00""|""1970-01-01 00:00:00.000000 +00:00""|""4c5938f4-93b4-4c01-be14-0eb3c00e7a47""|""0ed27b28-167a-4572-8c47-1de122aea76e""
""aba8755b-6e45-4103-b10c-c06863abb97a""|""1970-01-01 00:00:00.000000 +00:00""|""1970-01-01 00:00:00.000000 +00:00""|""adc8177f-6eb7-4c92-b3be-c12fdeb44e76""|""0ed27b28-167a-4572-8c47-1de122aea76e""
""03cb857a-1817-4844-b40c-43ca4a668702""|""1970-01-01 00:00:00.000000 +00:00""|""1970-01-01 00:00:00.000000 +00:00""|""6772c77d-ed16-4c6d-829e-7e817b8e70ee""|""0ed27b28-167a-4572-8c47-1de122aea76e""
""8f76c96a-b23e-4ee5-a882-57ba6c302509""|""1970-01-01 00:00:00.000000 +00:00""|""1970-01-01 00:00:00.000000 +00:00""|""1daecf5c-db92-46de-be12-d6a02b5b44bf""|""0ed27b28-167a-4572-8c47-1de122aea76e""
""5a9ec4e1-1176-4c18-bcc3-cb3bcdef412f""|""1970-01-01 00:00:00.000000 +00:00""|""1970-01-01 00:00:00.000000 +00:00""|""8cb1c3d4-ef6d-4d92-85ce-33a5b0e72cd2""|""0ed27b28-167a-4572-8c47-1de122aea76e""
""e1972ec6-08c3-4637-8922-b7d6e66bc71c""|""1970-01-01 00:00:00.000000 +00:00""|""1970-01-01 00:00:00.000000 +00:00""|""3cbdd900-ef44-4b89-9e32-4952259f85b1""|""0ed27b28-167a-4572-8c47-1de122aea76e""
""cd33cccf-7686-42b2-842d-b8fa4d8d0c09""|""1970-01-01 00:00:00.000000 +00:00""|""1970-01-01 00:00:00.000000 +00:00""|""07f066c6-ff1b-4e23-9368-649ccce49caf""|""0ed27b28-167a-4572-8c47-1de122aea76e""
""ae6705d2-de0c-4a32-9150-f6ddc56af509""|""1970-01-01 00:00:00.000000 +00:00""|""1970-01-01 00:00:00.000000 +00:00""|""1ca11628-af6a-4128-81e5-399f3152b4c1""|""0ed27b28-167a-4572-8c47-1de122aea76e""
""5d38d747-f122-475f-918c-7741c55e747e""|""1970-01-01 00:00:00.000000 +00:00""|""1970-01-01 00:00:00.000000 +00:00""|""98859ffb-f844-49fe-881c-9d6b4811c47a""|""3f1152e9-63f4-4faa-ac36-94b4145b860a""
""d867a1ee-1bb4-4b94-8c1c-efb5b20a4558""|""1970-01-01 00:00:00.000000 +00:00""|""1970-01-01 00:00:00.000000 +00:00""|""98859ffb-f844-49fe-881c-9d6b4811c47a""|""0ed27b28-167a-4572-8c47-1de122aea76e""
""d6fd525c-0e0f-4bd5-9eec-4c79665b314e""|""1970-01-01 00:00:00.000000 +00:00""|""1970-01-01 00:00:00.000000 +00:00""|""ead15637-52e7-4ae1-820d-01a7e7bfdb6a""|""0ed27b28-167a-4572-8c47-1de122aea76e""
""4a8c29af-c89d-4926-b679-0b20f052e289""|""1970-01-01 00:00:00.000000 +00:00""|""1970-01-01 00:00:00.000000 +00:00""|""793ab64c-5fc9-45b8-ad6c-2fa8f9adfe5f""|""0ed27b28-167a-4572-8c47-1de122aea76e""
""764af118-4be1-47ba-9705-99c999526b32""|""1970-01-01 00:00:00.000000 +00:00""|""1970-01-01 00:00:00.000000 +00:00""|""de53cd21-1e30-4aa7-8cab-dc6d049e7155""|""0ed27b28-167a-4572-8c47-1de122aea76e""
""b1afed40-9514-48a3-8557-9afcef84eeb4""|""1970-01-01 00:00:00.000000 +00:00""|""1970-01-01 00:00:00.000000 +00:00""|""9004959e-53d5-46ae-a93e-c4405075b83a""|""0ed27b28-167a-4572-8c47-1de122aea76e""
""ff8f8e12-1146-41bb-8836-8e645794890e""|""1970-01-01 00:00:00.000000 +00:00""|""1970-01-01 00:00:00.000000 +00:00""|""e13931c8-5fd4-4ad9-bd6c-3388ef1d42ce""|""0ed27b28-167a-4572-8c47-1de122aea76e""
""63568729-7450-479c-8d99-342a7ef265a8""|""1970-01-01 00:00:00.000000 +00:00""|""1970-01-01 00:00:00.000000 +00:00""|""21c6cc51-f5b3-4d77-857d-4719bb33ba3e""|""0ed27b28-167a-4572-8c47-1de122aea76e""
""e87de2ac-2116-4bae-9eab-bab15c52cf67""|""1970-01-01 00:00:00.000000 +00:00""|""1970-01-01 00:00:00.000000 +00:00""|""5fd54efb-76a9-4799-92be-a43f4f05a065""|""0ed27b28-167a-4572-8c47-1de122aea76e""
""235a6708-fd4e-4220-959f-69f8baa4264a""|""1970-01-01 00:00:00.000000 +00:00""|""1970-01-01 00:00:00.000000 +00:00""|""406d7b3e-2e18-4fee-8081-db952a6f373b""|""0ed27b28-167a-4572-8c47-1de122aea76e""
""f4e04716-6a47-4e30-ad4f-fff3d86bf09a""|""1970-01-01 00:00:00.000000 +00:00""|""1970-01-01 00:00:00.000000 +00:00""|""e9da91b5-7cdd-458b-9a27-d8e1db910018""|""0ed27b28-167a-4572-8c47-1de122aea76e""
""4974c5b1-ec2f-400d-91e8-80fa5c4e2e14""|""1970-01-01 00:00:00.000000 +00:00""|""1970-01-01 00:00:00.000000 +00:00""|""33b27949-94a5-4844-b526-80a6ba77b667""|""0ed27b28-167a-4572-8c47-1de122aea76e""
""2e95f574-81e0-4768-b767-9d23584aa554""|""1970-01-01 00:00:00.000000 +00:00""|""1970-01-01 00:00:00.000000 +00:00""|""27306c3f-be19-42c7-98b6-f4ec68cdae02""|""0ed27b28-167a-4572-8c47-1de122aea76e""
""03337f56-2ae4-4699-88fe-48db4fa08a4b""|""1970-01-01 00:00:00.000000 +00:00""|""1970-01-01 00:00:00.000000 +00:00""|""db66066c-058d-48ae-98e1-f24fe0820d8b""|""0ed27b28-167a-4572-8c47-1de122aea76e""
""bae6613a-ee79-4b25-a6c7-f6ae3cb1275c""|""1970-01-01 00:00:00.000000 +00:00""|""1970-01-01 00:00:00.000000 +00:00""|""4e43b33b-ae3e-4ceb-9881-1b7433ba4d93""|""0ed27b28-167a-4572-8c47-1de122aea76e""
""387ea4d2-ae6e-4189-b1ee-3ae2530852f9""|""1970-01-01 00:00:00.000000 +00:00""|""1970-01-01 00:00:00.000000 +00:00""|""a30ef28c-8429-4785-8b7e-3d1eab8e8094""|""0ed27b28-167a-4572-8c47-1de122aea76e""
""0630f653-935b-4ffe-afd9-9148b4baa422""|""1970-01-01 00:00:00.000000 +00:00""|""1970-01-01 00:00:00.000000 +00:00""|""57d1befc-c840-4fa8-a692-f3c5944040b6""|""0ed27b28-167a-4572-8c47-1de122aea76e""
""45d5dcdf-a3cf-4f5a-90d6-1b278ec8e0a0""|""1970-01-01 00:00:00.000000 +00:00""|""1970-01-01 00:00:00.000000 +00:00""|""91be7632-004d-4ef6-8998-a78a802b8898""|""0ed27b28-167a-4572-8c47-1de122aea76e""
""66120b7b-5ee4-41ec-9a6b-595e0dc01bdf""|""1970-01-01 00:00:00.000000 +00:00""|""1970-01-01 00:00:00.000000 +00:00""|""f76f2852-7841-4ac9-996b-fdd404c21b98""|""0ed27b28-167a-4572-8c47-1de122aea76e""
""3c9bfe77-4e32-4d48-8ebf-de47af7f69bd""|""1970-01-01 00:00:00.000000 +00:00""|""1970-01-01 00:00:00.000000 +00:00""|""5ce4f49a-443b-4849-8271-3ae4e11b1ab8""|""0ed27b28-167a-4572-8c47-1de122aea76e""
""09b13a30-76cf-48a0-8cf9-0f6d62e344de""|""1970-01-01 00:00:00.000000 +00:00""|""1970-01-01 00:00:00.000000 +00:00""|""5ce4f49a-443b-4849-8271-3ae4e11b1ab8""|""56cfdbdc-2a67-4983-b85b-acb9180fe2e0""
""262b95ca-bfbb-4e00-be5c-dbb7d6562483""|""1970-01-01 00:00:00.000000 +00:00""|""1970-01-01 00:00:00.000000 +00:00""|""39837896-abca-4e8b-8056-f03787ef9c1b""|""0ed27b28-167a-4572-8c47-1de122aea76e""
""ae29b3c2-cf4f-4f19-b1d4-85d65f9b9eb8""|""1970-01-01 00:00:00.000000 +00:00""|""1970-01-01 00:00:00.000000 +00:00""|""5e6c7127-57bc-4cc0-b200-289785dc3447""|""0ed27b28-167a-4572-8c47-1de122aea76e""
""86f80933-7227-4b5b-b0e2-52b9c9211c19""|""1970-01-01 00:00:00.000000 +00:00""|""1970-01-01 00:00:00.000000 +00:00""|""47cafa26-b357-483c-beb9-744f4f615886""|""0ed27b28-167a-4572-8c47-1de122aea76e""
""baf9d16b-559c-458c-8978-78fa2b4e3bd6""|""1970-01-01 00:00:00.000000 +00:00""|""1970-01-01 00:00:00.000000 +00:00""|""b0fcb31b-b49d-49d6-9ebc-8fd2008c55b1""|""0ed27b28-167a-4572-8c47-1de122aea76e""
""c0a962ec-3833-49f0-855c-7fd3bd1a9104""|""1970-01-01 00:00:00.000000 +00:00""|""1970-01-01 00:00:00.000000 +00:00""|""7abfe934-4349-484d-ae43-314a2049e8b0""|""0ed27b28-167a-4572-8c47-1de122aea76e""
""1f828b4a-796a-46c7-b243-5556052a4d99""|""1970-01-01 00:00:00.000000 +00:00""|""1970-01-01 00:00:00.000000 +00:00""|""24b450d4-e192-4a8d-a51d-180436041e3f""|""0ed27b28-167a-4572-8c47-1de122aea76e""
""82fa1b05-e455-48e8-bab9-0ff39eb3b69a""|""1970-01-01 00:00:00.000000 +00:00""|""1970-01-01 00:00:00.000000 +00:00""|""50ca5c46-b14a-440a-a11c-9f442a029146""|""0ed27b28-167a-4572-8c47-1de122aea76e""
""98712377-b0be-4998-a5ac-07d9812163bf""|""1970-01-01 00:00:00.000000 +00:00""|""1970-01-01 00:00:00.000000 +00:00""|""dbce57ac-0d40-44d1-a6d7-d8550a4bf92d""|""0ed27b28-167a-4572-8c47-1de122aea76e""
""3e2c544c-ab87-4b45-af56-77d7d0afa3a4""|""1970-01-01 00:00:00.000000 +00:00""|""1970-01-01 00:00:00.000000 +00:00""|""a856d470-8373-4a3d-9d7c-c2cfed2714bd""|""0ed27b28-167a-4572-8c47-1de122aea76e""
""f25911fd-1085-4d67-ba67-fedfcda4a15a""|""1970-01-01 00:00:00.000000 +00:00""|""1970-01-01 00:00:00.000000 +00:00""|""0ed898ae-2b6b-471b-8993-45db9f8d2acc""|""0ed27b28-167a-4572-8c47-1de122aea76e""
""a07ab0b8-4648-4425-846a-f1a3d3563fc1""|""1970-01-01 00:00:00.000000 +00:00""|""1970-01-01 00:00:00.000000 +00:00""|""ae8e2735-a257-4d95-bbea-9938b3151301""|""0ed27b28-167a-4572-8c47-1de122aea76e""
""e47426b0-36a0-4734-9ae8-8aea31deb7d8""|""1970-01-01 00:00:00.000000 +00:00""|""1970-01-01 00:00:00.000000 +00:00""|""5934527f-ea76-426d-8680-7df844025fc2""|""0ed27b28-167a-4572-8c47-1de122aea76e""
""fb36e920-d3d2-4b7e-9503-1a7f22604b1f""|""1970-01-01 00:00:00.000000 +00:00""|""1970-01-01 00:00:00.000000 +00:00""|""4a63e865-5681-42d4-ada8-ef755e2869d6""|""0ed27b28-167a-4572-8c47-1de122aea76e""
""c1e64847-a475-426f-935c-82bd55c4e303""|""1970-01-01 00:00:00.000000 +00:00""|""1970-01-01 00:00:00.000000 +00:00""|""a0acb819-6e1c-469b-8228-2639b08ea3ee""|""0ed27b28-167a-4572-8c47-1de122aea76e""
""48d86f27-be91-4265-bbbb-a24a5ada914f""|""1970-01-01 00:00:00.000000 +00:00""|""1970-01-01 00:00:00.000000 +00:00""|""fa2337ea-7f7b-4202-b776-3e77a5d014c0""|""0ed27b28-167a-4572-8c47-1de122aea76e""
""cb666bed-c2b1-4ee7-af3c-29da263acc40""|""1970-01-01 00:00:00.000000 +00:00""|""1970-01-01 00:00:00.000000 +00:00""|""83963fb9-cae5-464f-a771-d95cf5d406ab""|""0ed27b28-167a-4572-8c47-1de122aea76e""
""00bcb4be-a496-4712-b1bb-00582d5b6578""|""1970-01-01 00:00:00.000000 +00:00""|""1970-01-01 00:00:00.000000 +00:00""|""ff77d486-0c55-4251-994f-9cda2f34f3ed""|""0ed27b28-167a-4572-8c47-1de122aea76e""
""83c5c904-927e-4e00-b56b-3a71c0d6a4fe""|""1970-01-01 00:00:00.000000 +00:00""|""1970-01-01 00:00:00.000000 +00:00""|""0436b31a-a53c-4263-ae09-b53c5ebf93d2""|""56cfdbdc-2a67-4983-b85b-acb9180fe2e0""
""13739f09-0374-4fb3-a7f3-10bab9701e40""|""1970-01-01 00:00:00.000000 +00:00""|""1970-01-01 00:00:00.000000 +00:00""|""863d3d63-452c-41be-aa50-01228227df03""|""0ed27b28-167a-4572-8c47-1de122aea76e""
""6df43820-f029-44a7-b7f9-06a547c69a4c""|""1970-01-01 00:00:00.000000 +00:00""|""1970-01-01 00:00:00.000000 +00:00""|""9067fd46-066a-4e1a-9f31-8f389578a03b""|""0ed27b28-167a-4572-8c47-1de122aea76e""
""e05904b1-8fea-4c12-a7bd-438daf1b6485""|""1970-01-01 00:00:00.000000 +00:00""|""1970-01-01 00:00:00.000000 +00:00""|""0f762a4c-961c-4a94-9f7b-88c5bb1d6631""|""0ed27b28-167a-4572-8c47-1de122aea76e""
""ccafeac7-6ea1-4963-8b8d-feae1250b65d""|""1970-01-01 00:00:00.000000 +00:00""|""1970-01-01 00:00:00.000000 +00:00""|""1b5706e3-0c39-488d-8868-d8cece5385bf""|""0ed27b28-167a-4572-8c47-1de122aea76e""
""6b0027b1-e8fe-49b0-bd57-46d6bf4d7809""|""1970-01-01 00:00:00.000000 +00:00""|""1970-01-01 00:00:00.000000 +00:00""|""0f4ec529-e19a-40e6-86f2-7f012eae21ee""|""0ed27b28-167a-4572-8c47-1de122aea76e""
""10b2fec6-58af-4c8a-84da-b5e299474220""|""1970-01-01 00:00:00.000000 +00:00""|""1970-01-01 00:00:00.000000 +00:00""|""d0fbc3de-93e6-425a-8317-8fee611a57b2""|""0ed27b28-167a-4572-8c47-1de122aea76e""
""d776b525-b5e0-4924-9ffa-3fc784afdf5c""|""1970-01-01 00:00:00.000000 +00:00""|""1970-01-01 00:00:00.000000 +00:00""|""a5d1f3f6-2e96-4600-9f12-47e5a6cc87fa""|""0ed27b28-167a-4572-8c47-1de122aea76e""
""168fc747-d9f6-4bad-affe-c71912c478d7""|""1970-01-01 00:00:00.000000 +00:00""|""1970-01-01 00:00:00.000000 +00:00""|""cc6612ea-3c44-4885-aa11-b45b22c2d344""|""0ed27b28-167a-4572-8c47-1de122aea76e""
""37a30cb9-1dce-4733-99f8-b1b4edd10fc5""|""1970-01-01 00:00:00.000000 +00:00""|""1970-01-01 00:00:00.000000 +00:00""|""b0024693-07b1-4e0d-b074-a59324237243""|""0ed27b28-167a-4572-8c47-1de122aea76e""
""afed49c2-b384-407e-961e-9b8abdb881b2""|""1970-01-01 00:00:00.000000 +00:00""|""1970-01-01 00:00:00.000000 +00:00""|""a090e080-b8c8-45b8-a4d4-997ee5aacaa4""|""0ed27b28-167a-4572-8c47-1de122aea76e""
""57ca3276-b6b9-42f5-b717-bc27a1dae9e2""|""1970-01-01 00:00:00.000000 +00:00""|""1970-01-01 00:00:00.000000 +00:00""|""264d1352-2a81-44bd-b7f6-dc3781459d14""|""0ed27b28-167a-4572-8c47-1de122aea76e""
""7e9b21bf-19c2-4b0d-8f83-b4e7492d6b69""|""1970-01-01 00:00:00.000000 +00:00""|""1970-01-01 00:00:00.000000 +00:00""|""e6487641-c329-4ffa-a2a4-328b60407580""|""0ed27b28-167a-4572-8c47-1de122aea76e""
""e391bfea-3238-41bf-9086-453430764e32""|""1970-01-01 00:00:00.000000 +00:00""|""1970-01-01 00:00:00.000000 +00:00""|""09b1155e-7ffe-4957-9566-57c2b248ff5b""|""0ed27b28-167a-4572-8c47-1de122aea76e""
""199c5ac4-3cd9-4ab6-9dd2-7bd3ea51e17c""|""1970-01-01 00:00:00.000000 +00:00""|""1970-01-01 00:00:00.000000 +00:00""|""8ea26bce-429b-4f00-8a14-92960e0082d6""|""0ed27b28-167a-4572-8c47-1de122aea76e""
""0b8a0f93-711b-4f3e-93e0-dcf8e7992ecd""|""1970-01-01 00:00:00.000000 +00:00""|""1970-01-01 00:00:00.000000 +00:00""|""523fa9b0-9217-445a-a09a-89c30d287d1e""|""0ed27b28-167a-4572-8c47-1de122aea76e""
""1bd60de7-9ca9-4087-a582-0077b7345d8f""|""1970-01-01 00:00:00.000000 +00:00""|""1970-01-01 00:00:00.000000 +00:00""|""b1486023-91b7-4b66-93a6-348f15fd99bf""|""0ed27b28-167a-4572-8c47-1de122aea76e""
""ac20520b-91da-4685-8972-83b310fc4797""|""1970-01-01 00:00:00.000000 +00:00""|""1970-01-01 00:00:00.000000 +00:00""|""f9eef5cb-a0b1-4659-ad6f-9d1e0ce33c5c""|""0ed27b28-167a-4572-8c47-1de122aea76e""
""fd37e87f-17ae-4ff7-8343-25001637b880""|""1970-01-01 00:00:00.000000 +00:00""|""1970-01-01 00:00:00.000000 +00:00""|""cbcc3dfa-6193-4364-b5a6-157dd55c44dd""|""0ed27b28-167a-4572-8c47-1de122aea76e""
""0eba1c6b-2db0-4298-930e-4fe7e62ac6d8""|""1970-01-01 00:00:00.000000 +00:00""|""1970-01-01 00:00:00.000000 +00:00""|""481702b7-29cf-4800-a426-de5d0d2595c1""|""0ed27b28-167a-4572-8c47-1de122aea76e""
""784a4993-06ba-4daa-818b-50118a2f00cc""|""1970-01-01 00:00:00.000000 +00:00""|""1970-01-01 00:00:00.000000 +00:00""|""6e8586f8-a96e-444c-b6c2-7741b01110c4""|""0ed27b28-167a-4572-8c47-1de122aea76e""
""f69cd5db-1414-41cd-853f-7e47f014191f""|""1970-01-01 00:00:00.000000 +00:00""|""1970-01-01 00:00:00.000000 +00:00""|""541fd545-1f9f-4e50-9310-7ab436657b09""|""0ed27b28-167a-4572-8c47-1de122aea76e""
""4f02ff34-54a4-4e87-9a34-1d65717b9799""|""1970-01-01 00:00:00.000000 +00:00""|""1970-01-01 00:00:00.000000 +00:00""|""d11dac29-2c88-467a-872b-774a99f03023""|""0ed27b28-167a-4572-8c47-1de122aea76e""
""9d699732-5cf3-4168-b4fb-94a441e14ebd""|""1970-01-01 00:00:00.000000 +00:00""|""1970-01-01 00:00:00.000000 +00:00""|""9f39faee-0357-4fe2-8f37-73bdcb04dd0e""|""0ed27b28-167a-4572-8c47-1de122aea76e""
""0f398924-928b-4725-8922-ec4fa30553d8""|""1970-01-01 00:00:00.000000 +00:00""|""1970-01-01 00:00:00.000000 +00:00""|""830ad7ae-ae2c-420e-be0b-e23a3b635c6b""|""0ed27b28-167a-4572-8c47-1de122aea76e""
""e6b80d28-4dab-4530-9e9a-54290d4748bc""|""1970-01-01 00:00:00.000000 +00:00""|""1970-01-01 00:00:00.000000 +00:00""|""8bdc746e-c06f-40b9-9fab-5164582c5f20""|""0ed27b28-167a-4572-8c47-1de122aea76e""
""f5919578-cada-4571-ae59-d0b00877a208""|""1970-01-01 00:00:00.000000 +00:00""|""1970-01-01 00:00:00.000000 +00:00""|""1e0a91af-5297-455d-b474-1464faa7bbbf""|""0ed27b28-167a-4572-8c47-1de122aea76e""
""2be13435-b6af-44bf-b2ea-4aede1ca9c17""|""1970-01-01 00:00:00.000000 +00:00""|""1970-01-01 00:00:00.000000 +00:00""|""32ff6fd5-f717-4f25-a62d-402d4d60ba98""|""0ed27b28-167a-4572-8c47-1de122aea76e""
""84e8a775-23b4-4fb3-ad5b-7bfceb4562d3""|""1970-01-01 00:00:00.000000 +00:00""|""1970-01-01 00:00:00.000000 +00:00""|""eef3c008-9470-48db-8e21-1dde03626ed6""|""0ed27b28-167a-4572-8c47-1de122aea76e""
""5c0570e5-534d-4f97-915d-021632711147""|""1970-01-01 00:00:00.000000 +00:00""|""1970-01-01 00:00:00.000000 +00:00""|""bd68ad4a-4b5d-4353-bef3-bc4e50b95b3a""|""0ed27b28-167a-4572-8c47-1de122aea76e""
""cc3c491d-fd52-4861-8a0c-d600bdf965b4""|""1970-01-01 00:00:00.000000 +00:00""|""1970-01-01 00:00:00.000000 +00:00""|""ffe93bb1-bf25-465e-8c40-1e653bf07aa1""|""0ed27b28-167a-4572-8c47-1de122aea76e""
""f5479773-0002-4d43-92ce-b47b54cf6a45""|""1970-01-01 00:00:00.000000 +00:00""|""1970-01-01 00:00:00.000000 +00:00""|""40deb95d-c529-400d-9d8d-21d0b4eb510b""|""0ed27b28-167a-4572-8c47-1de122aea76e""
""0c27a970-55f3-4b4a-bca3-d489955bf3f9""|""1970-01-01 00:00:00.000000 +00:00""|""1970-01-01 00:00:00.000000 +00:00""|""5a0b73e3-e9f6-4d50-8a5a-e46bfe6bebf6""|""0ed27b28-167a-4572-8c47-1de122aea76e""
""419ac8c6-65be-493d-8014-b5a1d19856cf""|""1970-01-01 00:00:00.000000 +00:00""|""1970-01-01 00:00:00.000000 +00:00""|""19ce2a46-c199-4024-8bdf-80f99be0d1f6""|""0ed27b28-167a-4572-8c47-1de122aea76e""
""ad6e2bcb-41b2-4879-b314-4113628296c4""|""1970-01-01 00:00:00.000000 +00:00""|""1970-01-01 00:00:00.000000 +00:00""|""257201ff-2016-4e4e-aaad-efa940ea1a58""|""0ed27b28-167a-4572-8c47-1de122aea76e""
""b7ca072d-c6fb-41be-850f-ee0fdaf6feab""|""1970-01-01 00:00:00.000000 +00:00""|""1970-01-01 00:00:00.000000 +00:00""|""4889ea01-622c-4ac4-85a9-653a089863f7""|""0ed27b28-167a-4572-8c47-1de122aea76e""
""a14457e6-55dc-44df-861d-c3fe53de38df""|""1970-01-01 00:00:00.000000 +00:00""|""1970-01-01 00:00:00.000000 +00:00""|""d0968449-3083-42ef-91b4-9a3b3527c82c""|""0ed27b28-167a-4572-8c47-1de122aea76e""
""a0448bd2-cfaa-470a-b6b9-431ca17e8089""|""1970-01-01 00:00:00.000000 +00:00""|""1970-01-01 00:00:00.000000 +00:00""|""351dcc7e-ef2c-48b3-a8d1-7a089e1d69e8""|""0ed27b28-167a-4572-8c47-1de122aea76e""
""7117e50f-3ec5-4303-88b4-daa88b132437""|""1970-01-01 00:00:00.000000 +00:00""|""1970-01-01 00:00:00.000000 +00:00""|""4824da50-91c3-408a-ac4e-62c595921c62""|""0ed27b28-167a-4572-8c47-1de122aea76e""
""44cc42d1-9598-4894-80e1-8dd3c6eab754""|""1970-01-01 00:00:00.000000 +00:00""|""1970-01-01 00:00:00.000000 +00:00""|""4e662bf7-5488-49ba-ac89-4029b823f9fc""|""0ed27b28-167a-4572-8c47-1de122aea76e""
""14f8b5d6-c69b-46fc-8923-22ddc032291a""|""1970-01-01 00:00:00.000000 +00:00""|""1970-01-01 00:00:00.000000 +00:00""|""4eed837d-f48c-45ba-8a6a-af6049c8eac3""|""0ed27b28-167a-4572-8c47-1de122aea76e""
""037d6fad-ae57-4bf1-8958-f32a1af1a439""|""1970-01-01 00:00:00.000000 +00:00""|""1970-01-01 00:00:00.000000 +00:00""|""b981daeb-d175-4e88-b65a-fd5edb05dcfe""|""0ed27b28-167a-4572-8c47-1de122aea76e""
""c1230083-c367-4590-8e32-d63b62137b6e""|""1970-01-01 00:00:00.000000 +00:00""|""1970-01-01 00:00:00.000000 +00:00""|""8cb549bb-7df2-4d62-9f05-fc2422d7a4db""|""0ed27b28-167a-4572-8c47-1de122aea76e""
""afe6d8e6-be7a-466a-8e2a-6cb79b7138d6""|""1970-01-01 00:00:00.000000 +00:00""|""1970-01-01 00:00:00.000000 +00:00""|""efa9ca8d-1c38-4d8b-ab7a-4439baf94c12""|""0ed27b28-167a-4572-8c47-1de122aea76e""
""6beff5f4-69d1-4645-8f10-e7a5055b6fd6""|""1970-01-01 00:00:00.000000 +00:00""|""1970-01-01 00:00:00.000000 +00:00""|""39078069-0bf1-4935-b1c6-4c8cd5f74d2d""|""0ed27b28-167a-4572-8c47-1de122aea76e""
""2c15f2bc-f8c3-47d6-970a-b3420f720d7c""|""1970-01-01 00:00:00.000000 +00:00""|""1970-01-01 00:00:00.000000 +00:00""|""1ddd04fa-cb5d-4701-b63e-41b2fe9aebe4""|""0ed27b28-167a-4572-8c47-1de122aea76e""
""09ec7361-6b24-4120-b107-62330d6ac577""|""1970-01-01 00:00:00.000000 +00:00""|""1970-01-01 00:00:00.000000 +00:00""|""5d29f037-7e99-4abd-9b2a-5682021ac42c""|""0ed27b28-167a-4572-8c47-1de122aea76e""
""d3eb4aae-003c-4861-a46e-1cae18668d17""|""1970-01-01 00:00:00.000000 +00:00""|""1970-01-01 00:00:00.000000 +00:00""|""3a92c87a-25c8-48e6-9c1a-3caee73b8da1""|""0ed27b28-167a-4572-8c47-1de122aea76e""
""880efecd-acf6-4ae6-ab89-b5e9ea114904""|""1970-01-01 00:00:00.000000 +00:00""|""1970-01-01 00:00:00.000000 +00:00""|""00b8c993-1717-497a-8a99-4e45cfd6b019""|""0ed27b28-167a-4572-8c47-1de122aea76e""
""8e79d7bd-e25c-4fa9-9943-af29f4c3c8e4""|""1970-01-01 00:00:00.000000 +00:00""|""1970-01-01 00:00:00.000000 +00:00""|""7d3d80d2-eaab-4b40-a308-d8a6af48aacf""|""0ed27b28-167a-4572-8c47-1de122aea76e""
""c391ee02-cf41-4d90-8ced-94010116a6e0""|""1970-01-01 00:00:00.000000 +00:00""|""1970-01-01 00:00:00.000000 +00:00""|""e5bb25a8-0656-4de7-913a-a980a608a1e4""|""0ed27b28-167a-4572-8c47-1de122aea76e""
""f6377975-db71-44e9-b658-0ff70b48df4f""|""1970-01-01 00:00:00.000000 +00:00""|""1970-01-01 00:00:00.000000 +00:00""|""95de7de7-ed49-4636-8b7c-62668093b128""|""0ed27b28-167a-4572-8c47-1de122aea76e""
""4584a1e8-15a2-40ec-a910-65c587c07927""|""1970-01-01 00:00:00.000000 +00:00""|""1970-01-01 00:00:00.000000 +00:00""|""918e212a-362c-4b28-9659-413dd0ef047d""|""0ed27b28-167a-4572-8c47-1de122aea76e""
""ce5b5779-4847-4ea0-a3e5-6a5941048983""|""1970-01-01 00:00:00.000000 +00:00""|""1970-01-01 00:00:00.000000 +00:00""|""ea1830b2-02f6-4406-8dea-e555a1964c94""|""0ed27b28-167a-4572-8c47-1de122aea76e""
""9e3dbc39-7655-4836-a554-5fdbeb4cd312""|""1970-01-01 00:00:00.000000 +00:00""|""1970-01-01 00:00:00.000000 +00:00""|""438bb4fe-ae45-4a38-b516-e1946e786df0""|""0ed27b28-167a-4572-8c47-1de122aea76e""
""ca6e008e-e867-43f1-a815-52f5c8ebd23d""|""1970-01-01 00:00:00.000000 +00:00""|""1970-01-01 00:00:00.000000 +00:00""|""b8df2c57-3bd2-459b-a512-8b58b3775a3e""|""0ed27b28-167a-4572-8c47-1de122aea76e""
""5c8fc0e5-ccc9-4746-b05c-400f39454e9e""|""1970-01-01 00:00:00.000000 +00:00""|""1970-01-01 00:00:00.000000 +00:00""|""ec267e1b-ad84-4395-962f-9425b2e3f93a""|""0ed27b28-167a-4572-8c47-1de122aea76e""
""520963c6-f866-4c6e-b8a5-5e665d9fc242""|""1970-01-01 00:00:00.000000 +00:00""|""1970-01-01 00:00:00.000000 +00:00""|""3fbae757-88d4-4152-9cec-6ddc74d7e346""|""0ed27b28-167a-4572-8c47-1de122aea76e""
""3dea60ff-4094-4d6c-ab29-4112d2730177""|""1970-01-01 00:00:00.000000 +00:00""|""1970-01-01 00:00:00.000000 +00:00""|""e8da361e-cada-4efb-9187-6cd46bac40b3""|""0ed27b28-167a-4572-8c47-1de122aea76e""
""2f985adc-bab4-47ba-b450-5bded92a1b3a""|""1970-01-01 00:00:00.000000 +00:00""|""1970-01-01 00:00:00.000000 +00:00""|""e10db84e-4573-41fc-a944-770ae9e9bcbe""|""0ed27b28-167a-4572-8c47-1de122aea76e""
""8eca4d89-c0fa-4663-83c5-9434f146214d""|""1970-01-01 00:00:00.000000 +00:00""|""1970-01-01 00:00:00.000000 +00:00""|""c6ca0edd-b297-40a7-aa4a-e0016837c4c6""|""0ed27b28-167a-4572-8c47-1de122aea76e""
""94d12616-edb0-4abd-8c17-a1e52e921745""|""1970-01-01 00:00:00.000000 +00:00""|""1970-01-01 00:00:00.000000 +00:00""|""1de47d23-9275-44ed-a059-db5a5d016726""|""0ed27b28-167a-4572-8c47-1de122aea76e""
""e597ddf9-94aa-41ef-9bb5-ac7a3f954340""|""1970-01-01 00:00:00.000000 +00:00""|""1970-01-01 00:00:00.000000 +00:00""|""cf72c3e1-1ad8-48e1-b935-c81add9bb725""|""0ed27b28-167a-4572-8c47-1de122aea76e""
""557380f0-e6f7-4ec6-ac72-285b077db26c""|""1970-01-01 00:00:00.000000 +00:00""|""1970-01-01 00:00:00.000000 +00:00""|""903a167c-a521-469a-88a7-aba5f5cbb368""|""0ed27b28-167a-4572-8c47-1de122aea76e""
""95492ca8-52ae-4292-a535-0ba160c7a243""|""1970-01-01 00:00:00.000000 +00:00""|""1970-01-01 00:00:00.000000 +00:00""|""510249cc-3446-42b3-bc66-bba7a808c70c""|""0ed27b28-167a-4572-8c47-1de122aea76e""
""b87a763d-5ddf-43d3-8956-0591eaba05d1""|""1970-01-01 00:00:00.000000 +00:00""|""1970-01-01 00:00:00.000000 +00:00""|""ad9f8770-95c1-47eb-9fd2-ca68ab7281f0""|""0ed27b28-167a-4572-8c47-1de122aea76e""
""288a6a38-8c92-4423-992c-84689945bedf""|""1970-01-01 00:00:00.000000 +00:00""|""1970-01-01 00:00:00.000000 +00:00""|""943c6b24-afd2-4a6f-99c2-5d62902e9d7c""|""0ed27b28-167a-4572-8c47-1de122aea76e""
""c284205c-4468-40d1-9284-1690e9d27afa""|""1970-01-01 00:00:00.000000 +00:00""|""1970-01-01 00:00:00.000000 +00:00""|""368d2002-58f3-457c-971a-142b90b3a18f""|""0ed27b28-167a-4572-8c47-1de122aea76e""
""4a808a47-22d6-49ab-91d7-a58880a3f14a""|""1970-01-01 00:00:00.000000 +00:00""|""1970-01-01 00:00:00.000000 +00:00""|""f01e036a-0e6e-4aaa-ad04-11dd080bed9d""|""0ed27b28-167a-4572-8c47-1de122aea76e""
""b4a5ef2e-3cb4-4ac2-a6b1-0d3083176cca""|""1970-01-01 00:00:00.000000 +00:00""|""1970-01-01 00:00:00.000000 +00:00""|""ef501a3c-7778-403d-abae-03c6a697d961""|""3f1152e9-63f4-4faa-ac36-94b4145b860a""
""ec76bb08-538f-411e-a9c2-1b6ddb544363""|""1970-01-01 00:00:00.000000 +00:00""|""1970-01-01 00:00:00.000000 +00:00""|""ef501a3c-7778-403d-abae-03c6a697d961""|""0ed27b28-167a-4572-8c47-1de122aea76e""
""4001696d-6f3c-43be-8192-a7d32e8b1f9d""|""1970-01-01 00:00:00.000000 +00:00""|""1970-01-01 00:00:00.000000 +00:00""|""3d36ce39-61af-4d00-b0c5-1d036a9dee62""|""0ed27b28-167a-4572-8c47-1de122aea76e""
""01d72c8f-241d-452c-a917-65e5d112e64d""|""1970-01-01 00:00:00.000000 +00:00""|""1970-01-01 00:00:00.000000 +00:00""|""434f3453-bdf5-4f23-86c8-10e734297878""|""0ed27b28-167a-4572-8c47-1de122aea76e""
""bc3569b1-c07c-4313-8331-52a7b3815243""|""1970-01-01 00:00:00.000000 +00:00""|""1970-01-01 00:00:00.000000 +00:00""|""dafa53a8-d46a-49be-bba5-b24717383525""|""0ed27b28-167a-4572-8c47-1de122aea76e""
""4b2dce6d-6903-4fed-a419-194df80b3217""|""1970-01-01 00:00:00.000000 +00:00""|""1970-01-01 00:00:00.000000 +00:00""|""f3bdc93a-72f5-437e-9f88-46664acc8bb9""|""0ed27b28-167a-4572-8c47-1de122aea76e""
""9dbba344-6de1-4faa-ac3b-4fcc1f1460f5""|""1970-01-01 00:00:00.000000 +00:00""|""1970-01-01 00:00:00.000000 +00:00""|""e0e1283e-3d94-41a9-99bc-a3a11010b567""|""0ed27b28-167a-4572-8c47-1de122aea76e""
""66099192-2447-454f-b46c-10440bc43af9""|""1970-01-01 00:00:00.000000 +00:00""|""1970-01-01 00:00:00.000000 +00:00""|""32715c64-129d-466f-ae14-3acf9fec3a4f""|""0ed27b28-167a-4572-8c47-1de122aea76e""
""2a3c1cef-3a82-4907-b586-d751d5e53e43""|""1970-01-01 00:00:00.000000 +00:00""|""1970-01-01 00:00:00.000000 +00:00""|""7ce65ba1-af28-4711-9296-be21dc1cb785""|""0ed27b28-167a-4572-8c47-1de122aea76e""
""848bc8ce-6689-4a81-9158-9cfa348aca8a""|""1970-01-01 00:00:00.000000 +00:00""|""1970-01-01 00:00:00.000000 +00:00""|""614baa2f-94f3-4a88-8d64-3f87b19eb274""|""0ed27b28-167a-4572-8c47-1de122aea76e""
""37fc803b-f8b0-4a0e-991b-bc55e0df31bb""|""1970-01-01 00:00:00.000000 +00:00""|""1970-01-01 00:00:00.000000 +00:00""|""3b6136c6-c51f-497e-99ea-d9ae5cd2de22""|""0ed27b28-167a-4572-8c47-1de122aea76e""
""3c8f54a6-fc17-4f54-a21f-74bf8c2c67fe""|""1970-01-01 00:00:00.000000 +00:00""|""1970-01-01 00:00:00.000000 +00:00""|""18756e65-9f2b-42ef-ac85-72273991c867""|""0ed27b28-167a-4572-8c47-1de122aea76e""
""33cebd8a-4552-4f8b-bfe9-b019d742ba56""|""1970-01-01 00:00:00.000000 +00:00""|""1970-01-01 00:00:00.000000 +00:00""|""77afe71f-6af9-4c3a-8292-ee138f4fa106""|""0ed27b28-167a-4572-8c47-1de122aea76e""
""efa343c6-4c58-4b3e-9f93-c4f3ffc2fdc5""|""1970-01-01 00:00:00.000000 +00:00""|""1970-01-01 00:00:00.000000 +00:00""|""0fcd077f-1cb2-459d-a770-7be2d959375b""|""0ed27b28-167a-4572-8c47-1de122aea76e""
""b17dd621-3279-4410-93bd-23124958938f""|""1970-01-01 00:00:00.000000 +00:00""|""1970-01-01 00:00:00.000000 +00:00""|""3be33a44-fb6b-4958-8442-755380809d07""|""0ed27b28-167a-4572-8c47-1de122aea76e""
""8a1b58db-99c4-4932-90c5-90891bdb5bc0""|""1970-01-01 00:00:00.000000 +00:00""|""1970-01-01 00:00:00.000000 +00:00""|""2c7038e5-7265-44ff-886b-fa3bd0b6576c""|""0ed27b28-167a-4572-8c47-1de122aea76e""
""36301803-8f30-4652-8858-2732e49a9910""|""1970-01-01 00:00:00.000000 +00:00""|""1970-01-01 00:00:00.000000 +00:00""|""b63427fe-8dca-42a8-a99b-a47f35622a40""|""0ed27b28-167a-4572-8c47-1de122aea76e""
""8f984d5a-856e-4865-a578-a74166b1c13c""|""1970-01-01 00:00:00.000000 +00:00""|""1970-01-01 00:00:00.000000 +00:00""|""065a1f9b-627c-4bf3-879a-d55751939597""|""0ed27b28-167a-4572-8c47-1de122aea76e""
""d1fa35e7-e7b7-45fe-af3c-90924c39a324""|""1970-01-01 00:00:00.000000 +00:00""|""1970-01-01 00:00:00.000000 +00:00""|""2750f33a-316b-42ee-aa32-f4acbdfec66c""|""0ed27b28-167a-4572-8c47-1de122aea76e""
""c3156710-13ed-4759-87a3-dbd994d21e81""|""1970-01-01 00:00:00.000000 +00:00""|""1970-01-01 00:00:00.000000 +00:00""|""0ff12103-f9ff-4efc-9d24-ce78dc90f842""|""0ed27b28-167a-4572-8c47-1de122aea76e""
""0a62ac4d-7a20-49e1-95f6-65f95413d140""|""1970-01-01 00:00:00.000000 +00:00""|""1970-01-01 00:00:00.000000 +00:00""|""1de371ae-c5f7-42ef-b587-43a7d9a815d7""|""0ed27b28-167a-4572-8c47-1de122aea76e""
""9a994831-0be6-43cc-9504-ba823d53e250""|""1970-01-01 00:00:00.000000 +00:00""|""1970-01-01 00:00:00.000000 +00:00""|""60d2cd3b-dfd8-4c78-8b37-f48777a668be""|""0ed27b28-167a-4572-8c47-1de122aea76e""
""461d94e5-831c-4ca7-af1c-f65b9b9a90be""|""1970-01-01 00:00:00.000000 +00:00""|""1970-01-01 00:00:00.000000 +00:00""|""6333c9d2-b56a-4245-98a4-b27fd244158f""|""0ed27b28-167a-4572-8c47-1de122aea76e""
""a78ed4ba-8c3a-48c5-974e-f1339e1ab3a6""|""1970-01-01 00:00:00.000000 +00:00""|""1970-01-01 00:00:00.000000 +00:00""|""c4d4dd99-64ba-4436-b3f1-4220de395977""|""0ed27b28-167a-4572-8c47-1de122aea76e""
""442d9bb8-74e3-425f-a381-7b0ec50ae3e8""|""1970-01-01 00:00:00.000000 +00:00""|""1970-01-01 00:00:00.000000 +00:00""|""63047fff-8ffc-4897-b81d-1d17bc13dd8d""|""0ed27b28-167a-4572-8c47-1de122aea76e""
""c3e3afd4-03b6-423f-81df-152cbaf3e301""|""1970-01-01 00:00:00.000000 +00:00""|""1970-01-01 00:00:00.000000 +00:00""|""476f0406-8148-4e17-ba17-b93f11ff15a4""|""0ed27b28-167a-4572-8c47-1de122aea76e""
""45c0d1f6-1625-4163-bd12-3fe0112dfb23""|""1970-01-01 00:00:00.000000 +00:00""|""1970-01-01 00:00:00.000000 +00:00""|""77487a9c-03d4-47e6-bc3a-6765eb5852f3""|""0ed27b28-167a-4572-8c47-1de122aea76e""
""a16353ac-6b13-42d7-bb00-2df72fbb4b3c""|""1970-01-01 00:00:00.000000 +00:00""|""1970-01-01 00:00:00.000000 +00:00""|""e06a13de-7f1e-44a4-80b2-6f284ca217ae""|""0ed27b28-167a-4572-8c47-1de122aea76e""
""9c55fcaf-cd26-414f-8d7f-1a74e87bbe9a""|""1970-01-01 00:00:00.000000 +00:00""|""1970-01-01 00:00:00.000000 +00:00""|""8e003c87-c97a-4741-8e11-f04c4533a45a""|""0ed27b28-167a-4572-8c47-1de122aea76e""
""03705f01-b248-40b6-ac4b-ed2a04caa04b""|""1970-01-01 00:00:00.000000 +00:00""|""1970-01-01 00:00:00.000000 +00:00""|""bed41e2a-83c4-47bc-883a-6825ae0464a1""|""0ed27b28-167a-4572-8c47-1de122aea76e""
""54a58a57-ea53-4dd9-af55-8bb16a9ebc00""|""1970-01-01 00:00:00.000000 +00:00""|""1970-01-01 00:00:00.000000 +00:00""|""086bc8f8-3167-4276-b729-2387a7473e01""|""0ed27b28-167a-4572-8c47-1de122aea76e""
""ba71a19d-663f-41ee-82bd-d00f2534f379""|""1970-01-01 00:00:00.000000 +00:00""|""1970-01-01 00:00:00.000000 +00:00""|""37f8dc44-cb42-4758-a154-0249fe022ae3""|""0ed27b28-167a-4572-8c47-1de122aea76e""
""25c6f976-94dc-4bac-830f-30be4dae8c9a""|""1970-01-01 00:00:00.000000 +00:00""|""1970-01-01 00:00:00.000000 +00:00""|""07f2375b-87c0-49e4-be52-ab2b65514fb8""|""0ed27b28-167a-4572-8c47-1de122aea76e""
""5bc89d98-41a3-4a3c-913e-38a92b9befcf""|""1970-01-01 00:00:00.000000 +00:00""|""1970-01-01 00:00:00.000000 +00:00""|""e03fd387-1526-4cf1-93b7-0469ffdbaf9f""|""0ed27b28-167a-4572-8c47-1de122aea76e""
""832a06e5-0798-4fe4-99f2-2e5f80abdc62""|""1970-01-01 00:00:00.000000 +00:00""|""1970-01-01 00:00:00.000000 +00:00""|""2baed307-affd-4d9c-80a7-feec83aa7296""|""0ed27b28-167a-4572-8c47-1de122aea76e""
""ebb4613c-47ea-4504-835e-0f16233de1fb""|""1970-01-01 00:00:00.000000 +00:00""|""1970-01-01 00:00:00.000000 +00:00""|""aae9fe16-05cb-4d75-97d9-f03c85189e91""|""0ed27b28-167a-4572-8c47-1de122aea76e""
""f7f006be-f0de-4b32-87d3-38a85bd8f801""|""1970-01-01 00:00:00.000000 +00:00""|""1970-01-01 00:00:00.000000 +00:00""|""9be41f79-6199-4a94-9fa2-475e30a34b24""|""0ed27b28-167a-4572-8c47-1de122aea76e""
""ce459602-2112-4504-adfa-fdbe0ecf241d""|""1970-01-01 00:00:00.000000 +00:00""|""1970-01-01 00:00:00.000000 +00:00""|""cfaba99f-f794-49a6-87bc-4a34cc7d053f""|""0ed27b28-167a-4572-8c47-1de122aea76e""
""fd06e86f-fab0-42d7-98e8-dde832d6f76a""|""1970-01-01 00:00:00.000000 +00:00""|""1970-01-01 00:00:00.000000 +00:00""|""184ce7dd-2e57-46fe-a869-add891360634""|""0ed27b28-167a-4572-8c47-1de122aea76e""
""e28e03ac-44ea-4823-a7c1-ead2630a4edc""|""1970-01-01 00:00:00.000000 +00:00""|""1970-01-01 00:00:00.000000 +00:00""|""95aa30af-b643-4df4-aa3c-d4a5389199e1""|""0ed27b28-167a-4572-8c47-1de122aea76e""
""e0addd4a-2c37-4ddf-a191-8c4693cd0864""|""1970-01-01 00:00:00.000000 +00:00""|""1970-01-01 00:00:00.000000 +00:00""|""0a6a61a4-fac5-461b-b605-6df36ce6b111""|""0ed27b28-167a-4572-8c47-1de122aea76e""
""247a4098-498e-46e5-b4ce-6773756202ce""|""1970-01-01 00:00:00.000000 +00:00""|""1970-01-01 00:00:00.000000 +00:00""|""bf528cc8-ff7d-4269-972f-8324276f9453""|""0ed27b28-167a-4572-8c47-1de122aea76e""
""cfca8045-c0d0-452f-956e-cb067d17b630""|""1970-01-01 00:00:00.000000 +00:00""|""1970-01-01 00:00:00.000000 +00:00""|""25f0c7d9-a6ff-4076-8ab2-d95521e5c2bc""|""0ed27b28-167a-4572-8c47-1de122aea76e""
""3b47481a-ad91-4b1c-a2cf-320ffcec8b5b""|""1970-01-01 00:00:00.000000 +00:00""|""1970-01-01 00:00:00.000000 +00:00""|""7c4869d7-6c21-489d-98c7-d8b2caa42b68""|""0ed27b28-167a-4572-8c47-1de122aea76e""
""7fc93c87-7803-4450-85cd-d6d8aa3937e1""|""1970-01-01 00:00:00.000000 +00:00""|""1970-01-01 00:00:00.000000 +00:00""|""404afc21-3047-4f36-8c86-a0eb23a8ee25""|""0ed27b28-167a-4572-8c47-1de122aea76e""
""d000928c-93da-412f-bb4c-cf1203975ab4""|""1970-01-01 00:00:00.000000 +00:00""|""1970-01-01 00:00:00.000000 +00:00""|""62dd8c97-5973-4c1c-8a90-d7269b683aa3""|""0ed27b28-167a-4572-8c47-1de122aea76e""
""60689dc8-a219-4605-a1d3-a4fb08a2536f""|""1970-01-01 00:00:00.000000 +00:00""|""1970-01-01 00:00:00.000000 +00:00""|""ff61ac17-8485-4808-85ac-f01b98a62578""|""3f1152e9-63f4-4faa-ac36-94b4145b860a""
""cceba033-1241-4549-b6fd-90fa2dce427b""|""1970-01-01 00:00:00.000000 +00:00""|""1970-01-01 00:00:00.000000 +00:00""|""ff61ac17-8485-4808-85ac-f01b98a62578""|""0ed27b28-167a-4572-8c47-1de122aea76e""
""aed2d399-45af-4bd5-b299-9b905161d98d""|""1970-01-01 00:00:00.000000 +00:00""|""1970-01-01 00:00:00.000000 +00:00""|""7ed53ae8-1f0d-44c5-9d9d-39f1dc40828c""|""3f1152e9-63f4-4faa-ac36-94b4145b860a""
""c865d0f9-7b93-49c9-b37d-30811dc00270""|""1970-01-01 00:00:00.000000 +00:00""|""1970-01-01 00:00:00.000000 +00:00""|""554f6a3a-1e19-458e-9c73-5c23fd79a370""|""0ed27b28-167a-4572-8c47-1de122aea76e""
""b9b4339a-3f3a-4553-8fe0-eab1cfc73c0f""|""1970-01-01 00:00:00.000000 +00:00""|""1970-01-01 00:00:00.000000 +00:00""|""337aadb7-7baf-4337-a1fb-4ddd38d5d213""|""0ed27b28-167a-4572-8c47-1de122aea76e""
""d92ef055-f925-4782-9bdb-5b5caa324be2""|""1970-01-01 00:00:00.000000 +00:00""|""1970-01-01 00:00:00.000000 +00:00""|""698778f7-f44f-42ee-bf69-15fb780a0f6d""|""0ed27b28-167a-4572-8c47-1de122aea76e""
""8732d329-a24a-4af1-b5c8-8bc3fc018718""|""1970-01-01 00:00:00.000000 +00:00""|""1970-01-01 00:00:00.000000 +00:00""|""c081997c-6b30-494e-9e22-1723ad2461de""|""3f1152e9-63f4-4faa-ac36-94b4145b860a""
""6dabb71d-73c5-4843-9c4c-61f417fd0fd9""|""1970-01-01 00:00:00.000000 +00:00""|""1970-01-01 00:00:00.000000 +00:00""|""4dd9e93a-66ef-433f-9277-c34e17565929""|""3f1152e9-63f4-4faa-ac36-94b4145b860a""
""00c24aa1-9638-4e13-b64e-622cab976423""|""1970-01-01 00:00:00.000000 +00:00""|""1970-01-01 00:00:00.000000 +00:00""|""4dd9e93a-66ef-433f-9277-c34e17565929""|""0ed27b28-167a-4572-8c47-1de122aea76e""
""fdc36477-053f-41a4-a3f8-c714d3588630""|""1970-01-01 00:00:00.000000 +00:00""|""1970-01-01 00:00:00.000000 +00:00""|""45b00d46-2b2f-4636-b202-af8509ba649c""|""56cfdbdc-2a67-4983-b85b-acb9180fe2e0""
""fdf6a0ff-187b-407d-be04-7921e006cc5c""|""1970-01-01 00:00:00.000000 +00:00""|""1970-01-01 00:00:00.000000 +00:00""|""b6696450-d270-4c2d-871e-d5edf0cb89b8""|""0ed27b28-167a-4572-8c47-1de122aea76e""
""43b0893f-8043-4ba7-b1b3-1b4d0fc287c5""|""1970-01-01 00:00:00.000000 +00:00""|""1970-01-01 00:00:00.000000 +00:00""|""15d981c0-9d30-4d4d-bf24-999b65157d01""|""56cfdbdc-2a67-4983-b85b-acb9180fe2e0""
""94fbbcb5-25fa-4645-8aab-7be7d127947a""|""1970-01-01 00:00:00.000000 +00:00""|""1970-01-01 00:00:00.000000 +00:00""|""efadbc35-431e-4daa-93ed-90af6e3dc44e""|""3f1152e9-63f4-4faa-ac36-94b4145b860a""
""815b3a62-649a-4c8b-873a-ed88cdbc611d""|""1970-01-01 00:00:00.000000 +00:00""|""1970-01-01 00:00:00.000000 +00:00""|""f656fc68-22e4-48df-904e-8835fed37958""|""3f1152e9-63f4-4faa-ac36-94b4145b860a""
""2fa3cc45-e0ed-4747-9f41-94d07630bdb5""|""1970-01-01 00:00:00.000000 +00:00""|""1970-01-01 00:00:00.000000 +00:00""|""d63e8417-79c6-418a-9ddb-028b2846006a""|""3f1152e9-63f4-4faa-ac36-94b4145b860a""
""ebb76cac-63f0-4903-9418-b978fb3f27d2""|""1970-01-01 00:00:00.000000 +00:00""|""1970-01-01 00:00:00.000000 +00:00""|""c8b3329b-078d-4b6d-90cf-b47a6bc73038""|""3f1152e9-63f4-4faa-ac36-94b4145b860a""
""d0a34e3d-65dc-4ec1-94c1-67a31ab517b9""|""1970-01-01 00:00:00.000000 +00:00""|""1970-01-01 00:00:00.000000 +00:00""|""71e5eb13-1f2b-452c-920d-9da1766e925d""|""3f1152e9-63f4-4faa-ac36-94b4145b860a""
""4b650d2d-a6f0-42d4-9b63-b00c5871e1a6""|""1970-01-01 00:00:00.000000 +00:00""|""1970-01-01 00:00:00.000000 +00:00""|""f8612d3c-797c-4ceb-a1e5-1205c2baad44""|""3f1152e9-63f4-4faa-ac36-94b4145b860a""
""c29edd34-7539-4ca8-a64d-0e60af3b3fb4""|""1970-01-01 00:00:00.000000 +00:00""|""1970-01-01 00:00:00.000000 +00:00""|""fa34b0a3-9055-4f10-bd55-9af166058cf5""|""3f1152e9-63f4-4faa-ac36-94b4145b860a""
""76cea5c7-33b0-42ea-a315-712e5c864c30""|""1970-01-01 00:00:00.000000 +00:00""|""1970-01-01 00:00:00.000000 +00:00""|""4a21b122-1d33-4cf8-8015-a3e0e9fac02a""|""3f1152e9-63f4-4faa-ac36-94b4145b860a""
""3dadb3e4-3f54-46ef-8c39-e275cc0f3f29""|""1970-01-01 00:00:00.000000 +00:00""|""1970-01-01 00:00:00.000000 +00:00""|""aa19afe3-64b3-4687-b0f7-32256a022fd0""|""3f1152e9-63f4-4faa-ac36-94b4145b860a""
""7dd79d12-8631-412d-bbb5-781dde451cd7""|""1970-01-01 00:00:00.000000 +00:00""|""1970-01-01 00:00:00.000000 +00:00""|""780a1321-ccff-45ce-8ca9-abff11fb221a""|""3f1152e9-63f4-4faa-ac36-94b4145b860a""
""d44a3f8d-3efd-4def-b171-95a062f63180""|""1970-01-01 00:00:00.000000 +00:00""|""1970-01-01 00:00:00.000000 +00:00""|""ea0b679e-2a2f-4cca-85c2-a8bbd206173d""|""3f1152e9-63f4-4faa-ac36-94b4145b860a""
""57a5a414-376e-4a14-a5af-764deeb93274""|""1970-01-01 00:00:00.000000 +00:00""|""1970-01-01 00:00:00.000000 +00:00""|""3d50c4a3-8795-494f-bb72-cfc896b0f411""|""3f1152e9-63f4-4faa-ac36-94b4145b860a""
""58c6663d-342b-4c74-8eaf-695bd777a0b0""|""1970-01-01 00:00:00.000000 +00:00""|""1970-01-01 00:00:00.000000 +00:00""|""3223ce64-d471-47b4-8c34-434549e841f1""|""3f1152e9-63f4-4faa-ac36-94b4145b860a""
""4187f45c-8c32-45b0-b927-41f8eec4e0d9""|""1970-01-01 00:00:00.000000 +00:00""|""1970-01-01 00:00:00.000000 +00:00""|""dad3dceb-bdcb-4503-b787-e95c94752acd""|""3f1152e9-63f4-4faa-ac36-94b4145b860a""
""5d982975-5bef-4134-8637-16b66c9234b4""|""1970-01-01 00:00:00.000000 +00:00""|""1970-01-01 00:00:00.000000 +00:00""|""307a638e-f6a5-4247-9102-8ba6a33d4e11""|""3f1152e9-63f4-4faa-ac36-94b4145b860a""
""5b0372cd-77f2-459e-b3da-8f1b2622f232""|""1970-01-01 00:00:00.000000 +00:00""|""1970-01-01 00:00:00.000000 +00:00""|""9cdd1a8b-fc3f-4bb8-8a9b-0bf0413a354e""|""3f1152e9-63f4-4faa-ac36-94b4145b860a""
""f4a2af07-5f8d-4a16-81b1-18470a688064""|""1970-01-01 00:00:00.000000 +00:00""|""1970-01-01 00:00:00.000000 +00:00""|""7264b4ed-0d1f-42f0-b01a-37b5123b2401""|""0ed27b28-167a-4572-8c47-1de122aea76e""
""012af790-2e21-4cd7-9331-60d261fb42c5""|""1970-01-01 00:00:00.000000 +00:00""|""1970-01-01 00:00:00.000000 +00:00""|""517d69b3-64b6-4b72-b585-22208d458503""|""0ed27b28-167a-4572-8c47-1de122aea76e""
""02963a4c-55fa-464c-9075-6745794a2526""|""1970-01-01 00:00:00.000000 +00:00""|""1970-01-01 00:00:00.000000 +00:00""|""8578f32d-1aa8-4d20-9157-480609b34470""|""0ed27b28-167a-4572-8c47-1de122aea76e""
""84573505-0f75-4ecf-bc9e-9e247a25a473""|""1970-01-01 00:00:00.000000 +00:00""|""1970-01-01 00:00:00.000000 +00:00""|""2dad41d6-0b0f-4bf9-9f03-6967f67f858e""|""0ed27b28-167a-4572-8c47-1de122aea76e""
""0bdd261b-abdd-44d1-9dd6-1f82d52a3629""|""1970-01-01 00:00:00.000000 +00:00""|""1970-01-01 00:00:00.000000 +00:00""|""18ba9a09-575e-4468-9411-51e04bd7aeba""|""3f1152e9-63f4-4faa-ac36-94b4145b860a""
""f94167ac-c337-4d49-90fc-3bc0117b9d6d""|""1970-01-01 00:00:00.000000 +00:00""|""1970-01-01 00:00:00.000000 +00:00""|""18ba9a09-575e-4468-9411-51e04bd7aeba""|""0ed27b28-167a-4572-8c47-1de122aea76e""
""40a4b87f-96fc-4428-b53b-e2bb1794ad42""|""1970-01-01 00:00:00.000000 +00:00""|""1970-01-01 00:00:00.000000 +00:00""|""84054984-d6f0-4dcc-ae30-8692aae39209""|""3f1152e9-63f4-4faa-ac36-94b4145b860a""
""8308a951-6700-4e28-ad42-e0bca0ac4677""|""1970-01-01 00:00:00.000000 +00:00""|""1970-01-01 00:00:00.000000 +00:00""|""b202cbcf-c867-4739-a06d-3c89f63f5e99""|""3f1152e9-63f4-4faa-ac36-94b4145b860a""
""818990f7-c53b-45a3-9098-9a0924deb1c3""|""1970-01-01 00:00:00.000000 +00:00""|""1970-01-01 00:00:00.000000 +00:00""|""e298a550-48f9-4d81-8d57-430eb3d30166""|""3f1152e9-63f4-4faa-ac36-94b4145b860a""
""3a028df7-ff26-487f-a9d1-d7c77d4eef54""|""1970-01-01 00:00:00.000000 +00:00""|""1970-01-01 00:00:00.000000 +00:00""|""e3385353-4f18-4085-b9fa-1a206d3f924d""|""56cfdbdc-2a67-4983-b85b-acb9180fe2e0""
""b17733cb-d82d-4b45-9eca-452111deac96""|""1970-01-01 00:00:00.000000 +00:00""|""1970-01-01 00:00:00.000000 +00:00""|""4767731f-e2fd-4d19-a0ad-bc49fdd36522""|""56cfdbdc-2a67-4983-b85b-acb9180fe2e0""
""60993f72-cb71-4e40-b5b6-3ce963738951""|""1970-01-01 00:00:00.000000 +00:00""|""1970-01-01 00:00:00.000000 +00:00""|""7b056964-dceb-4d0c-afa7-f7e73936a884""|""56cfdbdc-2a67-4983-b85b-acb9180fe2e0""
""a34ad05a-5726-4ebb-9976-5bd592268cac""|""1970-01-01 00:00:00.000000 +00:00""|""1970-01-01 00:00:00.000000 +00:00""|""53885a24-3eea-4b8f-acb8-833c73a750f0""|""56cfdbdc-2a67-4983-b85b-acb9180fe2e0""
""3d3eb427-21df-49ca-b03c-baddaeaeeef0""|""1970-01-01 00:00:00.000000 +00:00""|""1970-01-01 00:00:00.000000 +00:00""|""874f5fc3-a609-4eca-815b-cc4616163cb4""|""3f1152e9-63f4-4faa-ac36-94b4145b860a""
""fe48bc73-1855-4f0f-b65a-9e32cfc8c924""|""1970-01-01 00:00:00.000000 +00:00""|""1970-01-01 00:00:00.000000 +00:00""|""6c1c1a74-9000-4a3b-97a6-f6cb37a90b55""|""0ed27b28-167a-4572-8c47-1de122aea76e""
""f7dd2d4a-10d8-4f72-840f-7604f035d14d""|""1970-01-01 00:00:00.000000 +00:00""|""1970-01-01 00:00:00.000000 +00:00""|""c48d9b04-c7ec-4ac8-965d-8af12865f8db""|""0ed27b28-167a-4572-8c47-1de122aea76e""
""1fc51ea1-d245-40b2-af40-85a14357c6e2""|""1970-01-01 00:00:00.000000 +00:00""|""1970-01-01 00:00:00.000000 +00:00""|""53d6235f-a4f3-43cf-b366-29fb0e9c966d""|""0ed27b28-167a-4572-8c47-1de122aea76e""
""0f76cd57-9d1e-4607-801c-3944046347c1""|""1970-01-01 00:00:00.000000 +00:00""|""1970-01-01 00:00:00.000000 +00:00""|""734bff8a-8f7e-45ad-8626-904377c82f6c""|""0ed27b28-167a-4572-8c47-1de122aea76e""
""386ad7f1-176c-4e8c-a5b5-0e23f8efc69d""|""1970-01-01 00:00:00.000000 +00:00""|""1970-01-01 00:00:00.000000 +00:00""|""5de13d95-5b6d-410e-9454-c85e95b3c8c1""|""0ed27b28-167a-4572-8c47-1de122aea76e""
""84caed08-bb44-434b-a848-9e4ebe40b3ce""|""1970-01-01 00:00:00.000000 +00:00""|""1970-01-01 00:00:00.000000 +00:00""|""7af862e1-2016-4be6-bf08-485f2a54c497""|""3f1152e9-63f4-4faa-ac36-94b4145b860a""
""92b89887-2327-47bb-8c91-68cd2b3a4a9c""|""1970-01-01 00:00:00.000000 +00:00""|""1970-01-01 00:00:00.000000 +00:00""|""df920065-32a6-48df-b0e7-39818aa9160a""|""0ed27b28-167a-4572-8c47-1de122aea76e""
""daf12da8-973b-422c-9e6a-9c807c29723d""|""1970-01-01 00:00:00.000000 +00:00""|""1970-01-01 00:00:00.000000 +00:00""|""0b33568f-1691-4034-bb21-fd7e03bd42a0""|""3f1152e9-63f4-4faa-ac36-94b4145b860a""
""4de83e29-dc02-496b-b9b4-a61588376d65""|""1970-01-01 00:00:00.000000 +00:00""|""1970-01-01 00:00:00.000000 +00:00""|""40148bb7-dca0-4499-8582-05daeeaabaf2""|""3f1152e9-63f4-4faa-ac36-94b4145b860a""
""580d51d3-f9fe-4b7f-9186-af0db5e81797""|""1970-01-01 00:00:00.000000 +00:00""|""1970-01-01 00:00:00.000000 +00:00""|""9180d9bc-4f0f-4124-89cf-7a24947ab423""|""0ed27b28-167a-4572-8c47-1de122aea76e""
""ea135d16-08e1-4ab6-90e7-22b48d97bd1d""|""1970-01-01 00:00:00.000000 +00:00""|""1970-01-01 00:00:00.000000 +00:00""|""370e6538-4735-45fd-8ade-47bdb464e292""|""0ed27b28-167a-4572-8c47-1de122aea76e""
""503c9e6f-8fb6-4b7a-b89c-6b585630c858""|""1970-01-01 00:00:00.000000 +00:00""|""1970-01-01 00:00:00.000000 +00:00""|""6de74828-4034-454c-ba78-7eca1a64a21c""|""56cfdbdc-2a67-4983-b85b-acb9180fe2e0""
""f26b7569-9158-48e3-8159-449b14528b87""|""1970-01-01 00:00:00.000000 +00:00""|""1970-01-01 00:00:00.000000 +00:00""|""c13ded5e-9921-4b20-9719-84f32cd5742f""|""0ed27b28-167a-4572-8c47-1de122aea76e""
""90ffebe7-f480-4671-b8e2-bd6ef5e98745""|""1970-01-01 00:00:00.000000 +00:00""|""1970-01-01 00:00:00.000000 +00:00""|""a28fd09d-7c0a-49f0-bad1-56bddd90374a""|""3f1152e9-63f4-4faa-ac36-94b4145b860a""
""543ccb2e-2f13-4d7e-9a4c-8917d8ebb1f6""|""1970-01-01 00:00:00.000000 +00:00""|""1970-01-01 00:00:00.000000 +00:00""|""a28fd09d-7c0a-49f0-bad1-56bddd90374a""|""0ed27b28-167a-4572-8c47-1de122aea76e""
""59f61e0c-e642-4d50-bb90-e2229347f6ab""|""1970-01-01 00:00:00.000000 +00:00""|""1970-01-01 00:00:00.000000 +00:00""|""3adfcdc0-486c-436d-8c3d-b60ff6988d13""|""0ed27b28-167a-4572-8c47-1de122aea76e""
""e926b1a5-91ed-4b4f-ab12-4b7821645fbb""|""1970-01-01 00:00:00.000000 +00:00""|""1970-01-01 00:00:00.000000 +00:00""|""f8e8aba8-e06c-4c67-b3cc-53418448a34a""|""56cfdbdc-2a67-4983-b85b-acb9180fe2e0""
""b67e418f-74a2-432c-84f0-109cce01059c""|""1970-01-01 00:00:00.000000 +00:00""|""1970-01-01 00:00:00.000000 +00:00""|""14c5c8b7-f7e1-47d3-ad78-e2e141035e98""|""0ed27b28-167a-4572-8c47-1de122aea76e""
""8bef17dd-8a03-459b-b98d-83984669e275""|""1970-01-01 00:00:00.000000 +00:00""|""1970-01-01 00:00:00.000000 +00:00""|""65c56bd8-2cf9-4e86-8eef-79798003d681""|""0ed27b28-167a-4572-8c47-1de122aea76e""
""753601cf-424c-46c6-9d5f-f022c7bda23a""|""1970-01-01 00:00:00.000000 +00:00""|""1970-01-01 00:00:00.000000 +00:00""|""0d682ca8-6678-47b8-8fdb-c008358fa964""|""0ed27b28-167a-4572-8c47-1de122aea76e""
""0166ae01-79ba-449d-bb8d-4437ede339db""|""1970-01-01 00:00:00.000000 +00:00""|""1970-01-01 00:00:00.000000 +00:00""|""e5f9ff3f-fde2-4c8c-b42c-120c6ea32f52""|""0ed27b28-167a-4572-8c47-1de122aea76e""
""c3e2ba9a-0dd5-419c-9aae-18344713accb""|""1970-01-01 00:00:00.000000 +00:00""|""1970-01-01 00:00:00.000000 +00:00""|""fcffbb0f-fc75-4bad-beba-de80491c875c""|""0ed27b28-167a-4572-8c47-1de122aea76e""
""2bf9d0f6-58d4-40b4-8f4e-dcd7059cf6ce""|""1970-01-01 00:00:00.000000 +00:00""|""1970-01-01 00:00:00.000000 +00:00""|""11f56dff-df1f-4bb5-82ce-49b27a996546""|""0ed27b28-167a-4572-8c47-1de122aea76e""
""584c9833-677b-41e0-adbe-f399242b58ac""|""1970-01-01 00:00:00.000000 +00:00""|""1970-01-01 00:00:00.000000 +00:00""|""a9c05086-3ae9-4451-a320-0d79986cda99""|""56cfdbdc-2a67-4983-b85b-acb9180fe2e0""
